2	408
4	488
6	565
9	807
12	868
14	928
16	991
18	1065
20	1140
23	1200
25	1265
27	1336
29	1423
31	1503
34	1576
36	1653
39	1713
41	1778
44	1838
46	2148
49	2421
51	2581
53	2647
55	2727
57	2981
59	3089
61	3136
63	3194
65	3250
67	3306
69	3356
71	3414
73	3463
75	3516
77	3569
79	3623
81	3673
84	3720
86	3773
87	3828
90	3887
92	3937
93	3989
95	4041
97	4096
99	4147
102	4201
104	4251
107	4295
109	4340
112	4363
114	4402
116	4426
118	4456
121	4496
123	4544
126	4589
129	4635
131	4677
133	4722
136	4772
138	4818
140	4868
142	4916
144	4962
146	4998
149	5045
151	5091
153	5139
156	5183
159	5224
161	5270
164	5315
167	5358
170	5400
172	5446
175	5494
178	5538
181	5582
184	5627
186	5671
189	5718
192	5761
195	5807
198	5852
201	5902
203	5949
206	5996
209	6039
212	6084
