group	probe	verdict	rc_qemu	rc_native	detail
r	(r-amd64.out)	CONFIRMS			terminal summary byte-identical to the committed one
r	imgwide	CONFIRMS	0	0	core files qemu - native -
r	intmin	CONFIRMS	1	1	core files qemu - native -
r	jpgbig	CONFIRMS	0	0	core files qemu - native -
r	jpgconv	CONFIRMS	1	1	core files qemu - native -
r	jpgconvneg	CONFIRMS	1	1	core files qemu - native -
r	jpgctrl	CONFIRMS	0	0	core files qemu - native -
r	jpgdiv	CONFIRMS	136	136	core files qemu core,qemu_pdftex_20260930-052528_229.core,qemu_timeout_20260930-052537_226.core native core
r	matnan	CONFIRMS	0	0	core files qemu - native -
r	pdfboxinf	CONFIRMS	0	0	core files qemu - native -
r	pdfboxnan	CONFIRMS	1	1	core files qemu - native -
r	snapy0	CONFIRMS	136	136	core files qemu core,qemu_pdftex_20260930-052541_372.core,qemu_timeout_20260930-052553_369.core native core
r	snapy1	CONFIRMS	0	0	core files qemu - native -
q	(q-amd64.out)	CONFIRMS			terminal summary byte-identical to the committed one
q	nh-intmin	CONFIRMS	1	1	core files qemu - native -
s	(s-amd64.out)	CONFIRMS			terminal summary byte-identical to the committed one
s	nh-strings	CONFIRMS	0	0	core files qemu - native -
t	(t-amd64.out)	CONFIRMS			terminal summary byte-identical to the committed one
t	slantctl	CONFIRMS	0	0	core files qemu - native -
t	slanthuge	CONFIRMS	0	0	core files qemu - native -
t	slantnan	CONFIRMS	0	0	core files qemu - native -
lead	(lead-amd64.out)	CONFIRMS			terminal summary byte-identical to the committed one
lead	lead-hdvi-a	CONFIRMS	0	0	core files qemu - native -
lead	lead-hdvi-c	CONFIRMS	0	0	core files qemu - native -
lead	lead-hdvi-x	CONFIRMS	136	136	core files qemu - native -
lead	lead-hdvi-xctl	CONFIRMS	0	0	core files qemu - native -
lead	lead-hpdf-a	CONFIRMS	0	0	core files qemu - native -
lead	lead-hpdf-c	CONFIRMS	0	0	core files qemu - native -
lead	lead-hpdf-x	CONFIRMS	136	136	core files qemu - native -
lead	lead-hpdf-xctl	CONFIRMS	0	0	core files qemu - native -
lead	lead-vdvi-a	CONFIRMS	0	0	core files qemu - native -
lead	lead-vdvi-c	CONFIRMS	0	0	core files qemu - native -
lead	lead-vdvi-x	CONFIRMS	136	136	core files qemu - native -
lead	lead-vdvi-xctl	CONFIRMS	0	0	core files qemu - native -
lead	lead-vpdf-a	CONFIRMS	0	0	core files qemu - native -
lead	lead-vpdf-c	CONFIRMS	0	0	core files qemu - native -
lead	lead-vpdf-x	CONFIRMS	136	136	core files qemu - native -
lead	lead-vpdf-xctl	CONFIRMS	0	0	core files qemu - native -
q	nh-intmin (committed nh-intmin.amd64.log)	CONFIRMS			committed 8d1786aef084f137 native 8d1786aef084f137
t	slanthuge (committed slanthuge.amd64.log)	CONFIRMS			committed 87b39ccaa2f1e6de native 87b39ccaa2f1e6de
s	nh-strings (committed nh-strings.arm64.log)	CONFIRMS			committed b513a15ec6847c10 native b513a15ec6847c10
rot	rot2	CONFIRMS	rc=0 arch=x86_64 pdftex=1c5ff71156ee990c	rc=0 arch=x86_64 pdftex=1c5ff71156ee990c	rot2.pdf 043e4ebc01d52e17
f7amd	pdflatex.fmt	CONFIRMS			shipped-x86_64.fmt = 5a9dfc4e27b5c67c; own/pdflatex.fmt = 5a9dfc4e27b5c67c; armclock/pdflatex.fmt = a476533c0d6e64f0
h2	alig	CONFIRMS	0	0	core files qemu - native -
h2	bat1	CONFIRMS	1	1	core files qemu - native -
h2	box1	CONFIRMS	1	1	core files qemu - native -
h2	box2	CONFIRMS	1	1	core files qemu - native -
h2	buf1	CONFIRMS	0	0	core files qemu - native -
h2	buf2	CONFIRMS	1	1	core files qemu - native -
h2	cat1	CONFIRMS	0	0	core files qemu - native -
h2	chr2	CONFIRMS	0	0	core files qemu - native -
h2	chr3	CONFIRMS	0	0	core files qemu - native -
h2	clk-2038	CONFIRMS	0	0	core files qemu - native -
h2	clk-elapsed	CONFIRMS	0	0	core files qemu - native -
h2	clk-exhaust	CONFIRMS	97	97	core files qemu - native -
h2	clk-reset	CONFIRMS	0	0	core files qemu - native -
h2	clk-seed	CONFIRMS	0	0	core files qemu - native -
h2	cnt1	CONFIRMS	1	1	core files qemu - native -
h2	cnt2	CONFIRMS	1	1	core files qemu - native -
h2	cnt3	CONFIRMS	0	0	core files qemu - native -
h2	cnt4	CONFIRMS	0	0	core files qemu - native -
h2	cnt5	CONFIRMS	0	0	core files qemu - native -
h2	cnt6	CONFIRMS	1	1	core files qemu - native -
h2	crlf	CONFIRMS	1	1	core files qemu - native -
h2	csn	CONFIRMS	1	1	core files qemu - native -
h2	deep20000	CONFIRMS	1	1	core files qemu - native -
h2	deep28000	CONFIRMS	1	1	core files qemu - native -
h2	deep5000	CONFIRMS	1	1	core files qemu - native -
h2	def1	CONFIRMS	1	1	core files qemu - native -
h2	dim1	CONFIRMS	0	0	core files qemu - native -
h2	dim2	CONFIRMS	1	1	core files qemu - native -
h2	dim3	CONFIRMS	0	0	core files qemu - native -
h2	dim4	CONFIRMS	1	1	core files qemu - native -
h2	dump1	CONFIRMS	0	0	core files qemu - native -
h2	e100	CONFIRMS	1	1	core files qemu - native -
h2	e101	CONFIRMS	0	0	core files qemu - native -
h2	e102	CONFIRMS	1	1	core files qemu - native -
h2	e103	CONFIRMS	1	1	core files qemu - native -
h2	e104	CONFIRMS	0	0	core files qemu - native -
h2	e105	CONFIRMS	1	1	core files qemu - native -
h2	e106	CONFIRMS	1	1	core files qemu - native -
h2	e107	CONFIRMS	1	1	core files qemu - native -
h2	e108	CONFIRMS	1	1	core files qemu - native -
h2	e109	CONFIRMS	0	0	core files qemu - native -
h2	e110	CONFIRMS	0	0	core files qemu - native -
h2	e111	CONFIRMS	1	1	core files qemu - native -
h2	e112	CONFIRMS	1	1	core files qemu - native -
h2	e113	CONFIRMS	1	1	core files qemu - native -
h2	e114	CONFIRMS	0	0	core files qemu - native -
h2	e115	CONFIRMS	1	1	core files qemu - native -
h2	e116	CONFIRMS	1	1	core files qemu - native -
h2	e117	CONFIRMS	0	0	core files qemu - native -
h2	e118	CONFIRMS	1	1	core files qemu - native -
h2	e119	CONFIRMS	1	1	core files qemu - native -
h2	e120	CONFIRMS	1	1	core files qemu - native -
h2	e121	CONFIRMS	0	0	core files qemu - native -
h2	e122	CONFIRMS	1	1	core files qemu - native -
h2	e123	CONFIRMS	0	0	core files qemu - native -
h2	edef	CONFIRMS	1	1	core files qemu - native -
h2	empty	CONFIRMS	1	1	core files qemu - native -
h2	env-fsd-empty	CONFIRMS (mask: date)	0	0	equal only under the date mask: out,w/texput.log; core files qemu - native -
h2	env-fsd-unset	CONFIRMS (mask: date)	0	0	equal only under the date mask: out,w/texput.log; core files qemu - native -
h2	env-fsd01	CONFIRMS (mask: date)	0	0	equal only under the date mask: out,w/texput.log; core files qemu - native -
h2	env-sde-2pow55	CONFIRMS	0	0	core files qemu - native -
h2	env-sde-bad	CONFIRMS	1	1	core files qemu - native -
h2	env-sde-empty	CONFIRMS	0	0	core files qemu - native -
h2	env-sde-huge	CONFIRMS	1	1	core files qemu - native -
h2	env-sde-neg	CONFIRMS	0	0	core files qemu - native -
h2	env-sde-plus	CONFIRMS	0	0	core files qemu - native -
h2	env-sde-space	CONFIRMS	0	0	core files qemu - native -
h2	env-sde-unset	CONFIRMS (mask: date)	0	0	equal only under the date mask: out,w/texput.log; core files qemu - native -
h2	env-sde-zero	CONFIRMS	0	0	core files qemu - native -
h2	eol1	CONFIRMS	0	0	core files qemu - native -
h2	err1	CONFIRMS	1	1	core files qemu - native -
h2	err2	CONFIRMS	1	1	core files qemu - native -
h2	err3	CONFIRMS	1	1	core files qemu - native -
h2	err4	CONFIRMS	1	1	core files qemu - native -
h2	etx1	CONFIRMS	1	1	core files qemu - native -
h2	expr2	CONFIRMS	1	1	core files qemu - native -
h2	expr3	CONFIRMS	1	1	core files qemu - native -
h2	font1	CONFIRMS	0	0	core files qemu - native -
h2	g0	CONFIRMS	1	1	core files qemu - native -
h2	g1	CONFIRMS	1	1	core files qemu - native -
h2	g10	CONFIRMS	1	1	core files qemu - native -
h2	g11	CONFIRMS	1	1	core files qemu - native -
h2	g12	CONFIRMS	1	1	core files qemu - native -
h2	g13	CONFIRMS	1	1	core files qemu - native -
h2	g14	CONFIRMS	1	1	core files qemu - native -
h2	g15	CONFIRMS	1	1	core files qemu - native -
h2	g2	CONFIRMS	1	1	core files qemu - native -
h2	g3	CONFIRMS	1	1	core files qemu - native -
h2	g4	CONFIRMS	1	1	core files qemu - native -
h2	g5	CONFIRMS	1	1	core files qemu - native -
h2	g6	CONFIRMS	1	1	core files qemu - native -
h2	g7	CONFIRMS	0	0	core files qemu - native -
h2	g8	CONFIRMS	1	1	core files qemu - native -
h2	g9	CONFIRMS	1	1	core files qemu - native -
h2	grp1	CONFIRMS	1	1	core files qemu - native -
h2	grp2	CONFIRMS	1	1	core files qemu - native -
h2	hi1	CONFIRMS	1	1	core files qemu - native -
h2	hsh	CONFIRMS	0	0	core files qemu - native -
h2	ifs1	CONFIRMS	1	1	core files qemu - native -
h2	inp1	CONFIRMS	1	1	core files qemu - native -
h2	inter	CONFIRMS	1	1	core files qemu - native -
h2	inter2	CONFIRMS	1	1	core files qemu - native -
h2	inter3	CONFIRMS	1	1	core files qemu - native -
h2	kpse-atoi-prefix	CONFIRMS	1	1	core files qemu - native -
h2	kpse-atoi-space	CONFIRMS	1	1	core files qemu - native -
h2	kpse-huge	CONFIRMS	1	1	core files qemu - native -
h2	kpse-neg	CONFIRMS	1	1	core files qemu - native -
h2	last1	CONFIRMS	1	1	core files qemu - native -
h2	lead1	CONFIRMS	0	0	core files qemu - native -
h2	long1	CONFIRMS	0	0	core files qemu - native -
h2	lost1	CONFIRMS	1	1	core files qemu - native -
h2	mth1	CONFIRMS	1	1	core files qemu - native -
h2	nst1	CONFIRMS	1	1	core files qemu - native -
h2	num2	CONFIRMS	1	1	core files qemu - native -
h2	nxpy	CONFIRMS	1	1	core files qemu - native -
h2	outp	CONFIRMS	1	1	core files qemu - native -
h2	par1	CONFIRMS	1	1	core files qemu - native -
h2	part1	CONFIRMS	1	1	core files qemu - native -
h2	pat1	CONFIRMS	0	0	core files qemu - native -
h2	pdf1	CONFIRMS	0	0	core files qemu - native -
h2	pnlt	CONFIRMS	0	0	core files qemu - native -
h2	prim1	CONFIRMS	1	1	core files qemu - native -
h2	prim2	CONFIRMS	1	1	core files qemu - native -
h2	prim3	CONFIRMS	1	1	core files qemu - native -
h2	read1	CONFIRMS	1	1	core files qemu - native -
h2	read2	CONFIRMS	1	1	core files qemu - native -
h2	rnd1	CONFIRMS	0	0	core files qemu - native -
h2	rnd2	CONFIRMS	0	0	core files qemu - native -
h2	rnd3	CONFIRMS	0	0	core files qemu - native -
h2	rnd4	CONFIRMS	0	0	core files qemu - native -
h2	rnd5	CONFIRMS	0	0	core files qemu - native -
h2	rnd6	CONFIRMS	0	0	core files qemu - native -
h2	rom1	CONFIRMS	0	0	core files qemu - native -
h2	romn	CONFIRMS	0	0	core files qemu - native -
h2	runaw2	CONFIRMS	1	1	core files qemu - native -
h2	runaway	CONFIRMS	1	1	core files qemu - native -
h2	save1	CONFIRMS	1	1	core files qemu - native -
h2	scr1	CONFIRMS	1	1	core files qemu - native -
h2	sct1	CONFIRMS	1	1	core files qemu - native -
h2	ship1	CONFIRMS	0	0	core files qemu - native -
h2	show1	CONFIRMS	1	1	core files qemu - native -
h2	shw2	CONFIRMS	1	1	core files qemu - native -
h2	skp1	CONFIRMS	1	1	core files qemu - native -
h2	str1	CONFIRMS	0	0	core files qemu - native -
h2	t0	CONFIRMS	1	1	core files qemu - native -
h2	t200	CONFIRMS	1	1	core files qemu - native -
h2	t201	CONFIRMS	1	1	core files qemu - native -
h2	t202	CONFIRMS	0	0	core files qemu - native -
h2	t203	CONFIRMS	0	0	core files qemu - native -
h2	t204	CONFIRMS	0	0	core files qemu - native -
h2	t205	REFUTES	137	139	rc qemu 137 native 139; rc: qemu e3b9c2844b5a5c26 native 690e07064753123c; core files qemu w/qemu_pdftex_20261001-185233_1.core native w/core
h2	t206	CONFIRMS	0	0	core files qemu - native -
h2	t207	CONFIRMS	0	0	core files qemu - native -
h2	t208	REFUTES	137	139	rc qemu 137 native 139; rc: qemu e3b9c2844b5a5c26 native 690e07064753123c; core files qemu w/qemu_pdftex_20261001-192318_1.core native w/core
h2	t209	CONFIRMS	0	0	core files qemu - native -
h2	t210	CONFIRMS	0	0	core files qemu - native -
h2	t211	CONFIRMS	1	1	core files qemu - native -
h2	tim1	CONFIRMS	1	1	core files qemu - native -
h2	trc1	CONFIRMS	1	1	core files qemu - native -
h2	ucl	CONFIRMS	0	0	core files qemu - native -
h2	vspl	CONFIRMS	1	1	core files qemu - native -
h2	wr1	CONFIRMS	0	0	core files qemu - native -
h2	xetx1	CONFIRMS	1	1	core files qemu - native -
h2	xexpr2	CONFIRMS	1	1	core files qemu - native -
h2	xexpr3	CONFIRMS	1	1	core files qemu - native -
h2	xifs1	CONFIRMS	0	0	core files qemu - native -
h2	xlr	CONFIRMS	1	1	core files qemu - native -
h2	xnx	CONFIRMS	1	1	core files qemu - native -
h2	xovn	CONFIRMS	0	0	core files qemu - native -
h2	xpart1	CONFIRMS	1	1	core files qemu - native -
h2	xprim2	CONFIRMS	1	1	core files qemu - native -
h2	xprim3	CONFIRMS	0	0	core files qemu - native -
h2	xrl	CONFIRMS	1	1	core files qemu - native -
h2	xsav	CONFIRMS	0	0	core files qemu - native -
h2	xsct1	CONFIRMS	1	1	core files qemu - native -
h2	xshw2	CONFIRMS	1	1	core files qemu - native -
h2	xtrc1	CONFIRMS	0	0	core files qemu - native -
h2	xxovn	CONFIRMS	0	0	core files qemu - native -
h2-inirun	ref-amd64	CONFIRMS			5 files byte-identical to h2/evidence/inirun/ref-amd64.*
h2-inirun	ref-realclock-amd64	CONFIRMS			3 files byte-identical to h2/evidence/inirun/ref-realclock-amd64.*
