3	680
5	903
7	1221
8	1230
10	1238
12	1247
14	1255
15	1263
17	1272
19	1280
21	1288
22	1296
24	1304
26	1310
28	1318
29	1325
31	1333
33	1339
35	1342
37	1345
39	1348
40	1353
42	1362
44	1369
46	1371
48	1373
50	1379
51	1380
53	1382
55	1389
57	1397
59	1406
61	1413
62	1413
64	1413
66	1413
68	1413
70	1414
72	1422
73	1350
75	1267
77	1275
79	1283
81	1291
83	1298
85	1306
87	1238
89	1246
90	1255
92	1263
94	1272
96	1280
98	1289
100	1297
102	1305
104	1314
106	1323
108	1332
110	1342
112	1351
114	1360
116	1370
117	1379
119	1389
121	1397
123	1406
125	1416
127	1425
128	1434
130	1442
132	1447
134	1447
136	1447
138	1451
140	1460
141	1466
143	1467
145	1467
147	1472
149	1480
151	1487
152	1490
154	1498
156	1506
158	1513
159	1522
161	1529
163	1534
165	1541
166	1547
168	1550
170	1550
171	1550
173	1550
175	1550
177	1550
178	1550
180	1550
182	1550
183	1550
185	1550
187	1550
188	1558
190	1568
192	1578
193	1588
196	1597
198	1603
200	1613
202	1637
