1	526
3	844
5	982
7	1013
9	975
11	1007
13	1066
16	1086
18	1086
20	1086
22	1086
24	1086
26	1086
28	1086
30	1086
32	1086
34	1166
36	1166
38	1166
40	1166
42	1169
44	1170
46	1170
48	2185
50	1957
52	1651
54	1973
58	2155
62	2155
65	2155
68	2155
70	2155
73	2155
75	2155
77	2155
79	2155
80	2155
83	2155
85	2155
87	2155
89	2155
91	2155
94	2155
96	3172
98	3172
100	2800
102	2155
104	2182
106	2182
108	2182
112	2182
115	2182
118	2183
121	2183
123	2183
126	2183
128	2183
130	2183
133	2183
135	2183
137	2183
139	2183
141	2183
143	2183
145	3199
147	2942
149	2699
151	2182
153	2257
155	2257
157	2257
159	2258
162	2258
166	2258
169	2258
173	2258
176	2258
179	2258
182	2258
184	2258
186	2258
188	2258
190	2258
192	2604
194	3274
196	2902
198	2257
200	2257
202	2257
204	2258
206	2258
209	2258
212	2258
215	2258
218	2258
221	2258
224	2258
227	2258
230	2258
233	2258
236	2258
238	2258
240	2258
242	3274
244	4307
