7	0
11	0
14	0
18	0
22	0
25	0
27	0
30	0
33	0
35	0
37	0
40	0
42	0
44	0
47	0
50	0
53	0
55	0
58	0
61	0
63	0
66	0
69	0
71	0
74	0
77	0
79	0
82	0
84	0
87	0
89	0
91	0
93	0
96	0
99	0
101	0
103	0
106	0
108	0
111	0
113	0
115	0
118	0
120	0
123	0
126	0
128	0
131	0
133	0
135	0
138	0
142	0
144	0
148	0
150	0
154	0
156	0
159	0
163	0
165	0
168	0
171	0
174	0
178	0
181	0
184	0
187	0
190	0
193	0
195	0
197	0
204	0
208	0
212	0
217	0
220	0
224	0
228	0
232	0
235	0
239	0
241	0
244	0
248	0
251	0
254	0
257	0
263	0
267	0
270	0
274	0
277	0
280	0
284	0
288	0
292	0
295	0
298	0
301	0
305	0
308	0
311	0
316	0
320	0
323	0
326	0
328	0
331	0
334	0
338	0
341	0
345	0
348	0
352	0
355	0
359	0
367	0
372	0
377	0
