stage	file	rc	wall_s	user_s	maxrss_mb	load1
translate	emit_coq.py	0	4.67	4.57	77	0.89
coqc	Syntax.v	0	0.39	0.30	313	0.98
coqc	Values.v	0	0.64	0.54	417	0.98
coqc	Interp.v	0	0.67	0.57	419	0.99
coqc	RefInterp.v	0	0.90	0.78	427	0.99
coqc	ProgGlobals.v	0	0.93	0.81	422	0.99
coqc	PoolData.v	0	2.11	1.94	523	0.99
coqc	Prog_0.v	0	0.72	0.62	410	0.99
coqc	Prog_1.v	0	0.61	0.51	406	0.99
coqc	Prog_2.v	0	0.76	0.64	418	0.99
coqc	Prog_3.v	0	0.93	0.82	424	0.99
coqc	Prog_4.v	0	0.85	0.73	421	0.99
coqc	Prog_5.v	0	1.06	0.94	427	0.99
coqc	Prog_6.v	0	1.02	0.92	424	0.99
coqc	Prog_7.v	0	0.69	0.59	411	1.07
coqc	Prog_8.v	0	0.67	0.56	407	1.07
coqc	Prog_9.v	0	0.83	0.72	419	1.07
coqc	Prog_10.v	0	1.16	1.05	440	1.07
coqc	Prog_11.v	0	1.40	1.27	445	1.07
coqc	Prog_12.v	0	1.12	1.00	426	1.06
coqc	Prog_13.v	0	0.90	0.78	422	1.06
coqc	Prog_14.v	0	1.80	1.66	471	1.06
coqc	Prog_15.v	0	0.59	0.48	410	1.06
coqc	Prog.v	0	0.45	0.35	349	1.06
coqc	Boundary.v	0	0.96	0.84	436	1.06
coqc	CMain.v	0	0.51	0.41	340	1.06
coqc	Main.v	0	0.57	0.44	383	1.06
coqc	B2Equiv.v	0	0.75	0.63	439	1.06
extraction	Extract.v	0	4.58	4.34	632	1.06
ocamlopt	BinNums.mli	0	0.01	0.00	21	1.20
ocamlopt	BinPosDef.mli	0	0.01	0.00	21	1.20
ocamlopt	Bool.mli	0	0.01	0.00	20	1.20
ocamlopt	Datatypes.mli	0	0.01	0.00	19	1.20
ocamlopt	Decimal.mli	0	0.01	0.00	21	1.20
ocamlopt	FloatClass.mli	0	0.01	0.00	21	1.20
ocamlopt	Hexadecimal.mli	0	0.01	0.00	19	1.20
ocamlopt	List.mli	0	0.01	0.00	19	1.20
ocamlopt	Number.mli	0	0.01	0.00	21	1.20
ocamlopt	PArray0.mli	0	0.01	0.00	21	1.20
ocamlopt	PoolData.mli	0	0.01	0.00	21	1.20
ocamlopt	PrimFloat0.mli	0	0.01	0.01	19	1.20
ocamlopt	PrimInt0.mli	0	0.01	0.00	21	1.20
ocamlopt	Specif.mli	0	0.01	0.00	20	1.20
ocamlopt	String.mli	0	0.01	0.00	21	1.20
ocamlopt	Nat.mli	0	0.01	0.00	20	1.20
ocamlopt	BinPos.mli	0	0.01	0.01	21	1.20
ocamlopt	BinNat.mli	0	0.01	0.00	21	1.20
ocamlopt	BinInt.mli	0	0.01	0.00	21	1.20
ocamlopt	Ascii.mli	0	0.01	0.00	19	1.20
ocamlopt	String.ml	0	0.08	0.01	18	1.20
ocamlopt	Specif.ml	0	0.01	0.01	18	1.20
ocamlopt	PrimInt0.ml	0	0.01	0.00	19	1.20
ocamlopt	PrimFloat0.ml	0	0.01	0.00	18	1.20
ocamlopt	PoolData.ml	0	1.12	0.99	227	1.20
ocamlopt	PArray0.ml	0	0.01	0.00	18	1.20
ocamlopt	Hexadecimal.ml	0	0.01	0.00	18	1.20
ocamlopt	FloatClass.ml	0	0.01	0.00	18	1.20
ocamlopt	Decimal.ml	0	0.01	0.00	18	1.20
ocamlopt	Datatypes.ml	0	0.02	0.01	19	1.20
ocamlopt	Bool.ml	0	0.01	0.01	18	1.20
ocamlopt	BinPosDef.ml	0	0.01	0.00	18	1.20
ocamlopt	BinNums.ml	0	0.01	0.00	18	1.20
ocamlopt	List.ml	0	0.02	0.01	19	1.20
ocamlopt	Number.ml	0	0.01	0.00	18	1.20
ocamlopt	Uint0.mli	0	0.01	0.00	21	1.20
ocamlopt	Sint0.mli	0	0.01	0.00	21	1.20
ocamlopt	Nat.ml	0	0.03	0.02	20	1.20
ocamlopt	BinPos.ml	0	0.07	0.05	23	1.20
ocamlopt	BinNat.ml	0	0.03	0.02	20	1.20
ocamlopt	BinInt.ml	0	0.05	0.03	22	1.20
ocamlopt	Ascii.ml	0	0.02	0.01	19	1.20
ocamlopt	Uint0.ml	0	0.02	0.01	19	1.20
ocamlopt	Syntax.mli	0	0.01	0.01	20	1.20
ocamlopt	Values.mli	0	0.02	0.00	20	1.20
ocamlopt	Prog_9.mli	0	0.01	0.00	21	1.20
ocamlopt	Prog_8.mli	0	0.01	0.00	21	1.20
ocamlopt	Prog_7.mli	0	0.01	0.00	21	1.20
ocamlopt	Prog_6.mli	0	0.01	0.00	21	1.20
ocamlopt	Prog_5.mli	0	0.01	0.00	21	1.20
ocamlopt	Prog_4.mli	0	0.01	0.00	21	1.20
ocamlopt	Prog_3.mli	0	0.01	0.00	20	1.20
ocamlopt	Prog_2.mli	0	0.01	0.00	21	1.20
ocamlopt	Prog_15.mli	0	0.01	0.00	20	1.20
ocamlopt	Prog_14.mli	0	0.01	0.00	19	1.20
ocamlopt	Prog_13.mli	0	0.01	0.00	21	1.20
ocamlopt	Prog_12.mli	0	0.01	0.00	21	1.20
ocamlopt	Prog_11.mli	0	0.01	0.00	21	1.20
ocamlopt	Prog_10.mli	0	0.01	0.00	21	1.20
ocamlopt	Prog_1.mli	0	0.01	0.00	21	1.20
ocamlopt	Prog_0.mli	0	0.01	0.00	19	1.20
ocamlopt	ProgGlobals.mli	0	0.01	0.01	21	1.20
ocamlopt	Prog.mli	0	0.01	0.00	20	1.20
ocamlopt	Interp.mli	0	0.02	0.01	20	1.20
ocamlopt	CMain.mli	0	0.01	0.00	19	1.20
ocamlopt	Boundary.mli	0	0.02	0.01	20	1.20
ocamlopt	Sint0.ml	0	0.02	0.00	19	1.20
ocamlopt	Syntax.ml	0	0.02	0.00	19	1.20
ocamlopt	Values.ml	0	0.20	0.17	40	1.20
ocamlopt	Main0.mli	0	0.01	0.01	21	1.20
ocamlopt	Prog_9.ml	0	0.31	0.28	63	1.20
ocamlopt	Prog_8.ml	0	0.18	0.15	46	1.18
ocamlopt	Prog_7.ml	0	0.19	0.16	48	1.18
ocamlopt	Prog_6.ml	0	0.52	0.46	109	1.18
ocamlopt	Prog_5.ml	0	0.44	0.40	99	1.18
ocamlopt	Prog_4.ml	0	0.28	0.25	61	1.18
ocamlopt	Prog_3.ml	0	0.36	0.30	90	1.18
ocamlopt	Prog_2.ml	0	0.24	0.21	56	1.18
ocamlopt	Prog_15.ml	0	0.11	0.09	36	1.18
ocamlopt	Prog_14.ml	0	0.96	0.87	171	1.18
ocamlopt	Prog_13.ml	0	0.34	0.31	72	1.18
ocamlopt	Prog_12.ml	0	0.51	0.45	113	1.18
ocamlopt	Prog_11.ml	0	0.70	0.63	138	1.18
ocamlopt	Prog_10.ml	0	0.60	0.54	125	1.16
ocamlopt	Prog_1.ml	0	0.14	0.11	40	1.16
ocamlopt	Prog_0.ml	0	0.22	0.19	54	1.16
ocamlopt	ProgGlobals.ml	0	0.17	0.14	46	1.16
ocamlopt	Prog.ml	0	0.27	0.22	160	1.16
ocamlopt	Interp.ml	0	0.13	0.12	30	1.16
ocamlopt	CMain.ml	0	0.04	0.03	23	1.16
ocamlopt	Boundary.ml	0	0.46	0.41	62	1.16
ocamlopt	Main0.ml	0	0.11	0.08	68	1.16
ocamlopt	driver.ml	0	0.05	0.03	25	1.16
link	ps.exe	0	1.03	0.71	128	1.16
