1	523
2	701
4	1104
6	1225
8	1234
9	1242
11	1251
13	1260
14	1269
16	1278
18	1286
19	1295
21	1305
22	1313
24	1322
26	1331
27	1338
29	1342
30	1346
32	1350
34	1359
36	1368
37	1371
39	1373
41	1378
42	1381
44	1383
46	1391
47	1401
49	1410
50	1414
52	1414
53	1414
55	1414
57	1414
58	1423
60	1433
62	1354
63	1363
65	1216
66	1225
68	1234
69	1244
71	1254
73	1264
74	1274
76	1285
78	1295
79	1305
81	1315
83	1326
84	1336
86	1347
87	1357
89	1367
91	1378
92	1388
94	1398
95	1408
97	1418
99	1428
100	1437
102	1446
104	1452
106	1452
107	1452
109	1458
110	1468
111	1471
113	1471
114	1476
116	1486
117	1493
119	1500
120	1510
122	1519
123	1529
125	1536
126	1543
128	1550
129	1555
130	1555
132	1555
134	1555
135	1555
136	1555
138	1555
139	1555
141	1555
142	1555
144	1555
145	1560
147	1571
148	1581
150	1591
151	1602
153	1612
154	1623
