5	380
9	386
14	391
18	574
23	579
27	584
30	589
33	594
37	600
40	605
44	609
48	615
51	620
55	633
59	639
63	645
68	659
73	665
76	671
79	676
83	865
87	896
94	1161
98	644
102	644
105	644
108	647
110	679
113	683
116	690
119	698
122	705
125	711
128	717
131	724
134	730
137	736
140	743
143	750
146	757
149	764
152	771
155	789
159	1728
162	1405
165	1405
169	889
172	889
175	889
178	889
181	889
185	889
188	889
191	889
194	889
197	889
200	889
203	889
206	889
210	889
213	889
216	889
219	889
223	1386
226	1774
229	1405
232	1405
235	1405
238	889
241	889
245	889
248	889
251	889
255	889
258	889
262	889
265	889
269	889
272	889
275	889
279	889
282	889
286	889
289	889
293	1906
296	1405
299	1405
302	1405
306	889
309	889
312	889
315	889
318	889
320	889
323	889
326	889
329	889
332	889
336	889
338	1129
