1	548
4	864
6	947
8	1074
10	1161
13	1221
15	1362
17	1403
20	1439
22	1584
25	1587
27	1587
30	1653
32	1691
35	1691
37	1646
39	1739
42	1797
44	1824
47	1837
49	1837
51	1845
54	1930
56	1974
59	1974
61	1974
64	1974
67	1974
69	1974
72	1974
75	2032
78	2032
81	2032
84	2032
86	2032
90	2032
93	2050
96	2082
99	2082
101	2082
103	2082
106	2082
108	2082
110	2082
113	2120
115	2120
118	2120
121	2120
124	2120
127	2120
130	2120
133	2131
136	2135
138	2135
141	2135
144	2135
148	2135
151	2135
154	2138
157	2157
160	2157
163	2157
166	2157
169	2157
172	2157
175	2157
178	2161
181	2164
183	2164
186	2164
189	2164
192	2164
195	2164
198	2164
201	2183
204	2183
206	2183
209	2183
212	2183
215	2183
218	2183
220	2183
223	2183
225	2183
228	2183
230	2183
233	2183
236	2183
239	2189
242	2195
245	2195
249	2195
252	2195
255	2195
258	2195
260	2195
263	2195
266	2195
269	2195
272	2195
275	2195
278	2195
282	2195
285	2195
288	2205
291	2205
293	2205
296	2205
298	2205
302	2205
305	2205
309	2205
312	2205
316	2205
319	2205
322	2206
325	2206
328	2206
332	2206
335	2206
339	2206
344	2215
347	2215
350	2215
354	2216
357	2216
360	2216
364	2216
367	2216
370	2216
374	2216
378	2216
382	2217
386	2217
389	2217
392	2217
395	2217
398	2217
401	2223
405	2223
408	2223
414	2225
420	2225
428	2225
434	2225
441	2225
449	2225
456	2225
462	2225
468	2225
474	2225
479	2225
484	2225
488	2225
494	2225
501	2231
507	2231
511	2235
516	2235
522	2235
527	2235
533	2235
538	2235
543	2235
549	2235
554	2235
560	2235
566	2235
570	2235
575	2235
581	2238
586	2238
592	2238
598	2243
605	2243
611	2243
616	2243
621	2243
626	2243
631	2243
636	2243
641	2243
646	2243
651	2243
656	2243
661	2243
665	2246
670	2246
675	2251
680	2251
685	2251
690	2251
695	2251
700	2251
705	2251
710	2251
715	2251
720	2251
725	2251
730	2251
736	2251
741	2251
746	2253
752	2253
757	2259
761	2261
766	2261
771	2261
776	2261
781	2261
786	2261
791	2261
796	2261
801	2261
807	2261
812	2261
818	2261
823	2261
829	2261
834	2261
839	2261
844	2268
849	2268
853	2268
858	2268
863	2268
868	2268
873	2268
881	2268
890	2268
898	2268
904	2268
909	2268
915	2268
920	2268
925	2268
930	2268
934	2268
939	2274
944	2274
949	2274
954	2274
959	2274
964	2274
969	2274
974	2274
979	2274
984	2274
989	2274
993	2274
998	2274
1003	2274
1008	2274
1013	2274
1018	2285
1023	2285
1027	2285
1032	2285
1037	2285
1042	2285
1047	2285
1051	2285
1056	2285
1061	2285
1066	2285
1070	2285
1075	2285
1079	2285
1084	2285
1089	2285
1093	2290
1099	2290
1104	2290
1108	2290
1112	2290
1118	2290
1123	2290
1128	2290
1133	2290
1139	2290
1145	2290
1150	2290
1155	2290
1161	2290
1166	2290
1172	2290
1177	2290
1183	2296
1189	2296
1198	2296
1204	2296
1209	2296
1214	2296
1218	2296
1224	2296
1229	2296
1233	2296
1238	2296
1243	2296
1247	2296
1252	2296
1257	2296
1262	2296
1267	2304
1272	2304
1277	2304
1282	2304
1287	2304
1292	2304
1297	2304
1302	2304
1308	2304
1314	2304
1320	2304
1325	2304
1331	2304
1336	2304
1341	2304
1346	2304
1351	2314
1357	2314
1363	2314
1369	2314
1381	2314
1387	2314
1393	2314
1399	2314
1404	2314
1409	2314
1414	2314
1420	2314
1425	2314
1430	2314
1436	2314
1442	2321
1447	2321
1452	2321
1457	2321
1463	2321
1468	2321
1473	2321
1479	2321
1484	2321
1490	2321
1496	2321
1502	2321
1508	2321
1515	2321
1519	2321
1525	2322
1530	2326
1536	2326
1541	2326
1546	2326
1551	2326
1557	2326
1564	2326
1569	2326
1574	2326
1580	2326
1586	2326
1591	2326
1596	2326
1602	2326
1607	2326
1613	2331
1619	2331
1625	2331
1631	2331
1637	2331
1643	2331
1650	2331
1655	2331
1662	2331
1667	2331
1673	2331
1679	2331
1684	2331
1690	2331
1696	2331
1702	2336
1707	2336
1713	2336
1719	2336
1725	2336
1731	2336
1737	2336
1742	2336
1747	2336
1753	2336
1758	2336
1765	2336
1771	2336
1777	2336
1783	2336
1789	2339
1795	2339
1800	2339
1806	2339
1812	2339
1818	2339
1823	2339
1829	2339
1834	2339
1840	2339
1846	2339
1852	2339
1858	2339
1864	2339
1870	2339
1876	2343
1883	2343
1890	2343
1896	2343
1903	2343
1909	2343
1914	2343
1920	2343
1925	2343
1931	2343
1938	2343
1943	2343
1951	2343
1956	2343
1962	2343
1968	2343
1975	2348
1981	2348
1987	2348
1994	2348
2001	2348
2007	2348
2014	2348
2020	2348
2027	2348
2032	2348
2039	2348
2045	2348
2051	2348
2057	2348
2064	2348
2071	2348
2077	2353
2083	2353
2089	2353
2094	2353
2101	2353
2107	2353
2113	2353
2119	2353
2125	2353
2133	2353
2138	2353
2144	2353
2150	2353
2155	2353
2161	2353
2166	2353
2171	2360
2177	2360
2182	2360
2188	2360
2194	2360
2200	2360
2205	2360
2210	2360
2215	2360
2220	2360
2226	2360
2232	2360
2238	2360
2244	2360
2250	2360
2256	2360
2262	2375
2268	2376
2274	2376
2279	2376
2285	2376
2290	2376
2297	2376
2303	2376
2310	2376
2316	2376
2322	2376
2330	2376
2336	2376
2341	2376
2347	2376
2352	2376
2358	2378
2364	2378
2371	2378
2378	2378
2386	2378
2393	2378
2399	2378
2406	2378
2412	2378
2418	2378
2428	2378
2434	2378
2441	2378
2449	2378
2453	2378
2458	2385
2463	2385
2468	2385
2474	2385
2479	2385
2484	2385
2489	2385
2496	2385
2502	2385
2507	2385
2515	2385
2521	2385
2526	2385
2531	2385
2537	2385
2542	2385
2548	2390
2553	2390
2559	2390
2565	2390
2571	2390
2576	2390
2582	2390
2588	2390
2594	2390
2600	2390
2606	2390
2612	2390
2618	2390
2624	2390
2630	2390
2637	2390
2645	2390
2653	2395
2658	2395
2666	2395
2672	2395
2678	2395
2683	2395
2691	2395
2697	2395
2704	2395
2711	2395
2716	2395
2724	2395
2729	2395
2736	2395
2742	2395
2747	2395
2752	2395
2760	2395
2765	2395
2771	2402
2778	2402
2783	2402
2788	2402
2796	2402
2801	2402
2806	2402
2813	2402
2819	2402
2825	2402
2830	2402
2835	2402
2841	2402
2845	2402
2848	2402
2853	2402
2857	2402
2862	2407
2867	2407
2872	2407
2877	2407
2881	2407
2886	2407
2891	2407
2895	2407
2900	2407
2904	2407
2909	2407
2914	2407
2919	2407
2923	2407
2928	2407
2932	2407
2937	2407
2941	2413
2946	2413
2951	2413
2956	2413
2960	2413
2965	2413
2970	2413
2978	2413
2982	2413
2987	2413
2992	2413
2997	2413
3002	2413
3007	2413
3012	2413
3016	2419
3021	2419
3025	2419
3030	2419
3035	2419
3040	2419
3045	2419
3049	2419
3054	2419
3060	2419
3065	2419
3070	2419
3076	2419
3082	2419
3087	2419
3093	2419
3099	2420
3104	2426
3110	2426
3115	2426
3120	2426
3125	2426
3130	2426
3134	2426
3139	2426
3144	2426
3149	2426
3154	2426
3159	2426
3164	2426
3169	2426
3173	2426
3178	2426
3183	2432
3187	2432
3192	2432
3197	2432
3202	2432
3206	2432
3211	2432
3216	2432
3221	2432
3225	2432
3230	2432
3235	2432
3240	2432
3245	2432
3250	2432
3255	2432
3260	2437
3264	2437
3269	2437
3274	2437
3279	2437
3284	2437
3288	2437
3293	2437
3298	2437
3303	2437
3307	2437
3312	2437
3317	2437
3322	2437
3326	2437
3331	2437
3335	2437
3340	2443
3345	2443
3350	2443
3355	2443
3360	2443
3364	2443
3369	2443
3374	2443
3379	2443
3383	2443
3388	2443
3393	2443
3398	2443
3403	2443
3408	2443
3412	2443
3417	2449
3422	2449
3427	2449
3432	2449
3438	2449
3443	2449
3448	2449
3453	2449
3457	2449
3462	2449
3468	2449
3473	2449
3478	2449
3483	2449
3488	2449
3493	2449
3497	2455
3502	2455
3507	2455
3512	2455
3516	2455
3521	2455
3526	2455
3530	2455
3535	2455
3539	2455
3544	2455
3548	2455
3553	2455
3558	2455
3562	2455
3567	2455
3572	2455
3577	2463
3581	2463
3587	2463
3592	2463
3597	2463
3601	2463
3606	2463
3610	2463
3615	2463
3620	2463
