run	verdict	cpu	minor	promoted	major	minc	majc	heap	top	set	get	make	reroot_steps	stale	live	reach_state	other	compare
ab1-lin-p250	finished rc 0 peak 1235MB in 96s	83.60	30119148589	94232053	141999283	114905	15	136576177	136576177	45288127	114751255	1392202	0	0	-	-	-	-
ab1-pers-p0	finished rc 0 peak 3146MB in 64s	59.41	21627434066	346370561	394102923	82512	17	391666865	391666865	36517420	87305104	263362	0	0	-	-	-	-
ab1-pers-p1000	finished rc 0 peak 6084MB in 215s	189.58	66534974849	740799898	788581391	253823	19	772869297	772869297	79501138	226631771	5699791	0	0	-	-	-	-
ab1-pers-p250	finished rc 0 peak 3790MB in 114s	97.73	30300403186	426975241	474549313	115597	17	471547057	471547057	45288127	114751255	1392202	0	0	-	-	-	-
ab1-t1-p250	finished rc 0 peak 3755MB in 41s	33.49	9384778480	419831229	467598459	35810	17	466214065	466214065	45288127	114751255	1392202	0	0	-	-	-	-
ab1-t1lin-p250	finished rc 0 peak 1091MB in 26s	22.92	9203696928	81982813	129750043	35118	14	100822253	120404101	45288127	114751255	1392202	0	0	-	-	-	-
ab1-t2lin-p0	finished rc 0 peak 1068MB in 10s	8.40	2461334737	76349761	124108969	9397	14	95460589	115062932	36517420	87305104	263362	0	0	-	-	-	-
ab1-t2lin-p1000	finished rc 0 peak 1140MB in 26s	21.14	6786207680	87976171	135495521	25896	15	107302125	126904468	79501138	226631771	5699791	0	0	-	-	-	-
ab1-t2lin-p250	finished rc 0 peak 1071MB in 15s	11.21	3308443253	78871017	126450236	12629	14	98020589	117622932	45288127	114751255	1392202	0	0	-	-	-	-
ab2-lin-p250	finished rc 0 peak 1236MB in 83s	73.33	30119148589	94230316	141997546	114905	15	136576177	136576177	45288127	114751255	1392202	0	0	-	-	-	-
ab2-pers-p0	finished rc 0 peak 3154MB in 78s	65.82	21627434066	346370561	394102923	82512	17	391666865	391666865	36517420	87305104	263362	0	0	-	-	-	-
ab2-pers-p1000	finished rc 0 peak 6094MB in 210s	189.78	66534975045	740805475	788586968	253823	19	772873393	772873393	79501138	226631771	5699791	0	0	-	-	-	-
ab2-pers-p250	finished rc 0 peak 3794MB in 101s	88.32	30300403186	426975241	474549313	115597	17	471547057	471547057	45288127	114751255	1392202	0	0	-	-	-	-
ab2-t1-p250	finished rc 0 peak 3637MB in 34s	29.13	9384777929	419829065	467596295	35810	17	466209969	466209969	45288127	114751255	1392202	0	0	-	-	-	-
ab2-t1lin-p250	finished rc 0 peak 1097MB in 20s	18.87	9203696928	81982813	129750043	35118	14	100822253	120404101	45288127	114751255	1392202	0	0	-	-	-	-
ab2-t2lin-p0	finished rc 0 peak 1069MB in 12s	8.65	2461334737	76349761	124108969	9397	14	95460589	115062932	36517420	87305104	263362	0	0	-	-	-	-
ab2-t2lin-p1000	finished rc 0 peak 1143MB in 23s	20.00	6786207680	87976171	135495521	25896	15	107302125	126904468	79501138	226631771	5699791	0	0	-	-	-	-
ab2-t2lin-p250	finished rc 0 peak 1074MB in 11s	8.86	3308443253	78871017	126450236	12629	14	98020589	117622932	45288127	114751255	1392202	0	0	-	-	-	-
ab3-lin-p250	finished rc 0 peak 1234MB in 95s	83.30	30119148121	94227089	141994319	114905	15	136576177	136576177	45288127	114751255	1392202	0	0	-	-	-	-
ab3-pers-p250	finished rc 0 peak 3787MB in 103s	90.66	30300403186	426975241	474549313	115597	17	471547057	471547057	45288127	114751255	1392202	0	0	-	-	-	-
ab3-t1-p250	finished rc 0 peak 3603MB in 29s	27.13	9384777999	419831045	467598275	35810	17	466209969	466209969	45288127	114751255	1392202	0	0	-	-	-	-
ab3-t1lin-p250	finished rc 0 peak 1110MB in 22s	19.65	9203696928	81982813	129750043	35118	14	100822253	120404101	45288127	114751255	1392202	0	0	-	-	-	-
ab3-t2lin-p250	finished rc 0 peak 1076MB in 10s	8.04	3308443253	78871017	126450236	12629	14	98020589	117622932	45288127	114751255	1392202	0	0	-	-	-	-
base-p250	finished rc 0 peak 3765MB in 249s	-	-	-	-	-	-	-	-	-	-	-	-	-	-	-	-	IDENTICAL
lin-p1000-deep	finished rc 0 peak 1906MB in 342s	257.31	66217158068	135246818	183028311	252665	43	79588580	112592754	79501138	226631771	5699791	0	0	74473906	74459792	-284666	IDENTICAL
prof-p0-pers	finished rc 0 peak 3182MB in 101s	80.98	21627434068	346370563	394102925	82512	17	391666865	391666865	36517420	87305104	263362	0	0	-	-	-	-
prof-p1000-pers	finished rc 0 peak 6070MB in 170s	143.07	66534973262	740800770	788582263	253823	19	772873393	772873393	79501138	226631771	5699791	0	0	-	-	-	IDENTICAL
prof-p250-lin	finished rc 0 peak 1237MB in 177s	106.61	30119148753	94231166	141998396	114905	15	136580273	136580273	45288127	114751255	1392202	0	0	-	-	-	-
prof-p250-pers	finished rc 0 peak 3768MB in 244s	123.61	30300403324	426980826	474556206	115597	17	471547057	471547057	45288127	114751255	1392202	0	0	-	-	-	-
prof-p50-deep-probe15-aborted	finished rc 143 peak 3642MB in 412s	269.17	18204468704	285010138	331334614	69625	106	317384852	319518868	30058244	76769072	25540	0	0	314702156	69219541	245183835	-
prof-p50-deep-probe5-aborted	-	287.18	15959183034	245778821	283190367	61130	142	272435058	278656882	25606636	68790257	23258	0	0	271010773	57455147	213256846	-
t1-p250	finished rc 0 peak 3734MB in 102s	41.16	9384778893	419827174	467594404	35810	17	466214065	466214065	45288127	114751255	1392202	0	0	-	-	-	-
t1lin-p0	finished rc 0 peak 1014MB in 25s	21.34	6590021978	77654197	125414920	25147	14	96390381	115992724	36517420	87305104	263362	0	0	-	-	-	-
t1lin-p1000	finished rc 0 peak 1013MB in 82s	66.60	20871804700	98967653	146749146	79629	15	118062317	137291651	79501138	226631771	5699791	0	0	-	-	-	IDENTICAL
t1lin-p250-check	finished rc 0 peak 1236MB in 176s	111.43	30709664778	94415362	142182592	117157	15	136752305	136752305	45288127	114751255	1392202	0	0	-	-	-	-
t1lin-p250	finished rc 0 peak 992MB in 58s	29.55	9203697268	81979347	129746577	35118	14	100818157	120400005	45288127	114751255	1392202	0	0	-	-	-	IDENTICAL
t2lin-p0	finished rc 0 peak 1069MB in 16s	10.78	2461334739	76349763	124108971	9397	14	95460589	115062932	36517420	87305104	263362	0	0	-	-	-	-
t2lin-p1000	finished rc 0 peak 1073MB in 40s	27.21	6786208164	87977427	135496777	25896	15	107298029	126900372	79501138	226631771	5699791	0	0	-	-	-	IDENTICAL
t2lin-p250-check	finished rc 0 peak 1238MB in 133s	110.27	30712087271	94503150	142270380	117166	15	136842417	136842417	45288127	114751255	1392202	0	0	-	-	-	IDENTICAL
t2lin-p250-memdiag	finished rc 0 peak 1684MB in 29s	19.09	3308515151	78904377	126450375	12641	20	74095844	117434516	45288127	114752153	1392202	0	0	-	-	-	-
t2lin-p250	finished rc 0 peak 1050MB in 28s	14.39	3308443180	78869973	126449748	12629	14	98020589	117622932	45288127	114751255	1392202	0	0	-	-	-	IDENTICAL
t2lin-pall-deep	finished rc 0 peak 3214MB in 465s	373.75	96678562980	341050570	389306995	368894	57	102313188	174927025	984515932	3129985477	120763096	0	0	94698457	94684344	-284667	-
t2lin-pall	finished rc 0 peak 1991MB in 420s	345.04	96678469765	341045357	389255414	368814	18	237837540	267238577	984515932	3129985477	120763096	0	0	-	-	-	IDENTICAL
