1	620
2	1152
4	1438
5	1580
7	1700
9	1944
10	2091
12	2091
13	2132
15	2185
17	2203
18	2214
20	2234
21	2249
23	2249
25	2255
26	2151
28	2151
30	2153
31	2161
33	2161
35	2162
36	2170
38	2170
40	2170
41	2179
43	2179
44	2182
46	2189
47	2189
49	2190
50	2196
52	2196
53	2198
55	2205
56	2205
58	2207
59	2212
61	2212
62	2216
64	2219
65	2219
67	2223
69	2225
71	2227
73	2231
75	2232
76	2233
78	2233
80	2237
82	2241
84	2241
86	2243
87	2245
89	2247
91	2250
93	2252
94	2253
96	2257
97	2258
99	2260
100	2263
102	2264
103	2266
105	2269
106	2271
108	2271
110	2275
111	2276
113	2278
114	2281
116	2283
117	2283
119	2283
121	2285
122	2288
124	2288
125	2288
127	2291
128	2291
130	2293
132	2294
133	2294
135	2297
136	2300
138	2300
140	2302
141	2303
143	2306
144	2308
146	2310
148	2310
150	2313
151	2314
153	2317
154	2318
156	2319
157	2321
159	2321
160	2324
162	2326
163	2326
165	2329
166	2332
168	2332
169	2334
171	2336
172	2336
174	2339
176	2341
177	2341
179	2344
180	2345
182	2347
183	2349
185	2351
186	2351
188	2355
189	2357
191	2359
193	2361
194	2363
196	2364
197	2367
199	2367
201	2370
202	2370
204	2372
206	2375
207	2375
209	2377
210	2379
212	2380
213	2383
215	2385
216	2385
218	2388
220	2388
221	2390
223	2390
224	2392
226	2396
