2	481
4	690
7	806
9	1213
12	1245
15	1260
18	1274
21	1287
25	1300
28	1312
31	1324
34	1338
37	1347
40	1357
43	1366
46	1375
49	1380
52	1387
54	1395
57	1409
59	1419
62	1419
65	2432
68	1935
71	1163
74	1163
77	1163
81	1163
84	1163
87	1163
91	1163
94	1163
97	1163
100	1163
105	1163
109	1163
113	1163
116	1163
119	1163
123	1163
126	1163
130	1655
133	1923
136	1163
139	1163
142	1163
147	1163
150	1163
153	1163
155	1163
158	1163
160	1163
163	1163
166	1163
169	1163
172	1163
174	1163
177	1163
179	1163
183	1163
186	1163
189	1163
193	1163
196	1974
199	3213
203	2195
206	2195
209	2195
212	2195
215	2195
218	2195
221	2195
224	1163
228	1163
231	1163
234	1163
237	1163
241	1163
244	1163
247	1163
250	1163
253	1163
256	1163
260	1163
263	1661
267	3210
270	3210
272	3210
275	3210
277	2195
280	2195
283	2195
285	2195
288	2195
290	2195
293	2195
297	1163
300	1163
303	1163
306	1163
309	1163
312	1163
315	1163
319	1163
322	1163
326	1163
329	1163
332	3213
335	2968
338	2195
341	2195
344	2195
347	2195
350	2195
354	1163
356	1163
359	1163
363	1163
366	1163
369	1163
375	1163
381	1163
385	1163
388	1163
393	1163
396	1163
400	3214
404	2195
407	2195
410	1163
414	1163
420	1163
424	1163
428	1163
431	1163
434	1163
438	1163
441	1163
445	1163
450	1163
454	1163
457	1286
461	1286
465	2860
