3	408
6	484
9	558
12	799
16	858
20	914
23	978
26	1038
31	1100
35	1164
39	1220
42	1276
44	1335
47	1397
51	1465
52	1551
54	1645
55	1719
57	1790
58	1916
60	2247
61	2492
63	2608
64	2685
66	2882
67	3080
69	3132
70	3197
72	3260
73	3324
75	3379
76	3444
78	3506
79	3568
81	3627
83	3687
84	3748
85	3809
87	3868
89	3927
90	3985
91	4044
93	4105
94	4166
96	4229
97	4292
99	4346
100	4374
102	4425
103	4449
105	4497
106	4559
108	4623
109	4683
111	4742
112	4802
114	4857
115	4916
117	4966
118	5018
120	5076
122	5129
124	5182
125	5233
127	5287
129	5342
132	5392
134	5441
136	5496
138	5549
141	5596
143	5643
145	5694
148	5742
150	5791
153	5843
155	5897
157	5949
160	5996
163	6039
167	6070
