doc	class	site	arch	addrs	hits	edge_hits	edge_example	rc_traced	rc_recorded	fault
imgwide	F2I	mapfile.c:487	amd64	0x47f755,0x47f828	0,0	0	-	0	0	-
imgwide	F2I	mapfile.c:487	arm64	0xebfb8,0xec098	0,0	0	-	1	1	-
imgwide	DIV	pdftex0.c:1363	amd64	0x41ce12	0	0	-	0	0	-
imgwide	DIV	pdftex0.c:1365	arm64	0x7a000	0	0	-	1	1	-
imgwide	DIV	pdftex0.c:1370	arm64	0x7a034	0	0	-	1	1	-
imgwide	DIV	pdftex0.c:1371	amd64	0x41ce20	0	0	-	0	0	-
imgwide	DIV	pdftex0.c:18140	amd64	0x469f26	0	0	-	0	0	-
imgwide	DIV	pdftex0.c:18140	arm64	0xd2190	0	0	-	1	1	-
imgwide	DIV	pdftex0.c:18511	amd64	0x469263	0	0	-	0	0	-
imgwide	DIV	pdftex0.c:18511	arm64	0xd1550	0	0	-	1	1	-
imgwide	DIV	pdftex0.c:23709	amd64	0x450430	0	0	-	0	0	-
imgwide	DIV	pdftex0.c:23709	arm64	0xb54cc	0	0	-	1	1	-
imgwide	DIV	pdftex0.c:24311	amd64	0x46cdc2	0	0	-	0	0	-
imgwide	DIV	pdftex0.c:24311	arm64	0xd5c08	0	0	-	1	1	-
imgwide	DIV	pdftex0.c:24739	amd64	0x46c3d5	0	0	-	0	0	-
imgwide	DIV	pdftex0.c:24739	arm64	0xd4f90	0	0	-	1	1	-
imgwide	F2I	utils.c:1496	amd64	0x48230c,0x482328	0,0	0	-	0	0	-
imgwide	F2I	utils.c:1496	arm64	0xeebf4,0xeec20	0,0	0	-	1	1	-
imgwide	F2I	utils.c:1497	amd64	0x482318,0x482334	0,0	0	-	0	0	-
imgwide	F2I	utils.c:1497	arm64	0xeec08,0xeec34,0xeec44	0,0,0	0	-	1	1	-
imgwide	F2I	utils.c:405	amd64	0x48340a,0x483410	1,3	1	["2631270400.5", -2147483648]	0	0	-
imgwide	F2I	utils.c:406	arm64	0xf0024,0xf0040	1,1	1	["2631270400.5", 2147483647]	1	1	-
imgwide	DIV	writejpg.c:218	amd64	0x48a71d	0	0	-	0	0	-
imgwide	DIV	writejpg.c:218	arm64	0xf7528	0	0	-	1	1	-
imgwide	DIV	writejpg.c:222	amd64	0x48a756	0	0	-	0	0	-
imgwide	DIV	writejpg.c:222	arm64	0xf75c4	0	0	-	1	1	-
imgwide	F2I	writejpg.c:236	amd64	0x48a633	0	0	-	0	0	-
imgwide	F2I	writejpg.c:236	arm64	0xf7660	0	0	-	1	1	-
imgwide	F2I	writejpg.c:237	amd64	0x48a637	0	0	-	0	0	-
imgwide	F2I	writejpg.c:237	arm64	0xf7664	0	0	-	1	1	-
jpgbig	F2I	mapfile.c:487	amd64	0x47f755,0x47f828	0,0	0	-	0	0	-
jpgbig	F2I	mapfile.c:487	arm64	0xebfb8,0xec098	0,0	0	-	0	0	-
jpgbig	DIV	pdftex0.c:1363	amd64	0x41ce12	0	0	-	0	0	-
jpgbig	DIV	pdftex0.c:1365	arm64	0x7a000	0	0	-	0	0	-
jpgbig	DIV	pdftex0.c:1370	arm64	0x7a034	0	0	-	0	0	-
jpgbig	DIV	pdftex0.c:1371	amd64	0x41ce20	0	0	-	0	0	-
jpgbig	DIV	pdftex0.c:18140	amd64	0x469f26	0	0	-	0	0	-
jpgbig	DIV	pdftex0.c:18140	arm64	0xd2190	0	0	-	0	0	-
jpgbig	DIV	pdftex0.c:18511	amd64	0x469263	0	0	-	0	0	-
jpgbig	DIV	pdftex0.c:18511	arm64	0xd1550	0	0	-	0	0	-
jpgbig	DIV	pdftex0.c:23709	amd64	0x450430	0	0	-	0	0	-
jpgbig	DIV	pdftex0.c:23709	arm64	0xb54cc	0	0	-	0	0	-
jpgbig	DIV	pdftex0.c:24311	amd64	0x46cdc2	0	0	-	0	0	-
jpgbig	DIV	pdftex0.c:24311	arm64	0xd5c08	0	0	-	0	0	-
jpgbig	DIV	pdftex0.c:24739	amd64	0x46c3d5	0	0	-	0	0	-
jpgbig	DIV	pdftex0.c:24739	arm64	0xd4f90	0	0	-	0	0	-
jpgbig	F2I	utils.c:1496	amd64	0x48230c,0x482328	0,0	0	-	0	0	-
jpgbig	F2I	utils.c:1496	arm64	0xeebf4,0xeec20	0,0	0	-	0	0	-
jpgbig	F2I	utils.c:1497	amd64	0x482318,0x482334	0,0	0	-	0	0	-
jpgbig	F2I	utils.c:1497	arm64	0xeec08,0xeec34,0xeec44	0,0,0	0	-	0	0	-
jpgbig	F2I	utils.c:405	amd64	0x48340a,0x483410	0,4	0	-	0	0	-
jpgbig	F2I	utils.c:406	arm64	0xf0024,0xf0040	4,0	0	-	0	0	-
jpgbig	DIV	writejpg.c:218	amd64	0x48a71d	1	0	-	0	0	-
jpgbig	DIV	writejpg.c:218	arm64	0xf7528	1	0	-	0	0	-
jpgbig	DIV	writejpg.c:222	amd64	0x48a756	0	0	-	0	0	-
jpgbig	DIV	writejpg.c:222	arm64	0xf75c4	0	0	-	0	0	-
jpgbig	F2I	writejpg.c:236	amd64	0x48a633	1	0	-	0	0	-
jpgbig	F2I	writejpg.c:236	arm64	0xf7660	1	0	-	0	0	-
jpgbig	F2I	writejpg.c:237	amd64	0x48a637	1	0	-	0	0	-
jpgbig	F2I	writejpg.c:237	arm64	0xf7664	1	0	-	0	0	-
jpgconv	F2I	mapfile.c:487	amd64	0x47f755,0x47f828	0,0	0	-	1	1	-
jpgconv	F2I	mapfile.c:487	arm64	0xebfb8,0xec098	0,0	0	-	0	0	-
jpgconv	DIV	pdftex0.c:1363	amd64	0x41ce12	0	0	-	1	1	-
jpgconv	DIV	pdftex0.c:1365	arm64	0x7a000	0	0	-	0	0	-
jpgconv	DIV	pdftex0.c:1370	arm64	0x7a034	0	0	-	0	0	-
jpgconv	DIV	pdftex0.c:1371	amd64	0x41ce20	0	0	-	1	1	-
jpgconv	DIV	pdftex0.c:18140	amd64	0x469f26	0	0	-	1	1	-
jpgconv	DIV	pdftex0.c:18140	arm64	0xd2190	0	0	-	0	0	-
jpgconv	DIV	pdftex0.c:18511	amd64	0x469263	0	0	-	1	1	-
jpgconv	DIV	pdftex0.c:18511	arm64	0xd1550	0	0	-	0	0	-
jpgconv	DIV	pdftex0.c:23709	amd64	0x450430	0	0	-	1	1	-
jpgconv	DIV	pdftex0.c:23709	arm64	0xb54cc	0	0	-	0	0	-
jpgconv	DIV	pdftex0.c:24311	amd64	0x46cdc2	0	0	-	1	1	-
jpgconv	DIV	pdftex0.c:24311	arm64	0xd5c08	0	0	-	0	0	-
jpgconv	DIV	pdftex0.c:24739	amd64	0x46c3d5	0	0	-	1	1	-
jpgconv	DIV	pdftex0.c:24739	arm64	0xd4f90	0	0	-	0	0	-
jpgconv	F2I	utils.c:1496	amd64	0x48230c,0x482328	0,0	0	-	1	1	-
jpgconv	F2I	utils.c:1496	arm64	0xeebf4,0xeec20	0,0	0	-	0	0	-
jpgconv	F2I	utils.c:1497	amd64	0x482318,0x482334	0,0	0	-	1	1	-
jpgconv	F2I	utils.c:1497	arm64	0xeec08,0xeec34,0xeec44	0,0,0	0	-	0	0	-
jpgconv	F2I	utils.c:405	amd64	0x48340a,0x483410	0,0	0	-	1	1	-
jpgconv	F2I	utils.c:406	arm64	0xf0024,0xf0040	4,0	0	-	0	0	-
jpgconv	DIV	writejpg.c:218	amd64	0x48a71d	1	0	-	1	1	-
jpgconv	DIV	writejpg.c:218	arm64	0xf7528	1	0	-	0	0	-
jpgconv	DIV	writejpg.c:222	amd64	0x48a756	0	0	-	1	1	-
jpgconv	DIV	writejpg.c:222	arm64	0xf75c4	0	0	-	0	0	-
jpgconv	F2I	writejpg.c:236	amd64	0x48a633	1	1	["5080000000.0", -2147483648]	1	1	-
jpgconv	F2I	writejpg.c:236	arm64	0xf7660	1	1	["5080000000.0", 2147483647]	0	0	-
jpgconv	F2I	writejpg.c:237	amd64	0x48a637	1	0	-	1	1	-
jpgconv	F2I	writejpg.c:237	arm64	0xf7664	1	0	-	0	0	-
jpgconvneg	F2I	mapfile.c:487	amd64	0x47f755,0x47f828	0,0	0	-	1	1	-
jpgconvneg	F2I	mapfile.c:487	arm64	0xebfb8,0xec098	0,0	0	-	1	1	-
jpgconvneg	DIV	pdftex0.c:1363	amd64	0x41ce12	0	0	-	1	1	-
jpgconvneg	DIV	pdftex0.c:1365	arm64	0x7a000	0	0	-	1	1	-
jpgconvneg	DIV	pdftex0.c:1370	arm64	0x7a034	0	0	-	1	1	-
jpgconvneg	DIV	pdftex0.c:1371	amd64	0x41ce20	0	0	-	1	1	-
jpgconvneg	DIV	pdftex0.c:18140	amd64	0x469f26	0	0	-	1	1	-
jpgconvneg	DIV	pdftex0.c:18140	arm64	0xd2190	0	0	-	1	1	-
jpgconvneg	DIV	pdftex0.c:18511	amd64	0x469263	0	0	-	1	1	-
jpgconvneg	DIV	pdftex0.c:18511	arm64	0xd1550	0	0	-	1	1	-
jpgconvneg	DIV	pdftex0.c:23709	amd64	0x450430	0	0	-	1	1	-
jpgconvneg	DIV	pdftex0.c:23709	arm64	0xb54cc	0	0	-	1	1	-
jpgconvneg	DIV	pdftex0.c:24311	amd64	0x46cdc2	0	0	-	1	1	-
jpgconvneg	DIV	pdftex0.c:24311	arm64	0xd5c08	0	0	-	1	1	-
jpgconvneg	DIV	pdftex0.c:24739	amd64	0x46c3d5	0	0	-	1	1	-
jpgconvneg	DIV	pdftex0.c:24739	arm64	0xd4f90	0	0	-	1	1	-
jpgconvneg	F2I	utils.c:1496	amd64	0x48230c,0x482328	0,0	0	-	1	1	-
jpgconvneg	F2I	utils.c:1496	arm64	0xeebf4,0xeec20	0,0	0	-	1	1	-
jpgconvneg	F2I	utils.c:1497	amd64	0x482318,0x482334	0,0	0	-	1	1	-
jpgconvneg	F2I	utils.c:1497	arm64	0xeec08,0xeec34,0xeec44	0,0,0	0	-	1	1	-
jpgconvneg	F2I	utils.c:405	amd64	0x48340a,0x483410	0,0	0	-	1	1	-
jpgconvneg	F2I	utils.c:406	arm64	0xf0024,0xf0040	0,0	0	-	1	1	-
jpgconvneg	DIV	writejpg.c:218	amd64	0x48a71d	1	0	-	1	1	-
jpgconvneg	DIV	writejpg.c:218	arm64	0xf7528	1	0	-	1	1	-
jpgconvneg	DIV	writejpg.c:222	amd64	0x48a756	0	0	-	1	1	-
jpgconvneg	DIV	writejpg.c:222	arm64	0xf75c4	0	0	-	1	1	-
jpgconvneg	F2I	writejpg.c:236	amd64	0x48a633	1	1	["-5080000000.0", -2147483648]	1	1	-
jpgconvneg	F2I	writejpg.c:236	arm64	0xf7660	1	1	["-5080000000.0", -2147483648]	1	1	-
jpgconvneg	F2I	writejpg.c:237	amd64	0x48a637	1	0	-	1	1	-
jpgconvneg	F2I	writejpg.c:237	arm64	0xf7664	1	0	-	1	1	-
jpgctrl	F2I	mapfile.c:487	amd64	0x47f755,0x47f828	0,0	0	-	0	0	-
jpgctrl	F2I	mapfile.c:487	arm64	0xebfb8,0xec098	0,0	0	-	0	0	-
jpgctrl	DIV	pdftex0.c:1363	amd64	0x41ce12	0	0	-	0	0	-
jpgctrl	DIV	pdftex0.c:1365	arm64	0x7a000	0	0	-	0	0	-
jpgctrl	DIV	pdftex0.c:1370	arm64	0x7a034	0	0	-	0	0	-
jpgctrl	DIV	pdftex0.c:1371	amd64	0x41ce20	0	0	-	0	0	-
jpgctrl	DIV	pdftex0.c:18140	amd64	0x469f26	0	0	-	0	0	-
jpgctrl	DIV	pdftex0.c:18140	arm64	0xd2190	0	0	-	0	0	-
jpgctrl	DIV	pdftex0.c:18511	amd64	0x469263	0	0	-	0	0	-
jpgctrl	DIV	pdftex0.c:18511	arm64	0xd1550	0	0	-	0	0	-
jpgctrl	DIV	pdftex0.c:23709	amd64	0x450430	0	0	-	0	0	-
jpgctrl	DIV	pdftex0.c:23709	arm64	0xb54cc	0	0	-	0	0	-
jpgctrl	DIV	pdftex0.c:24311	amd64	0x46cdc2	0	0	-	0	0	-
jpgctrl	DIV	pdftex0.c:24311	arm64	0xd5c08	0	0	-	0	0	-
jpgctrl	DIV	pdftex0.c:24739	amd64	0x46c3d5	0	0	-	0	0	-
jpgctrl	DIV	pdftex0.c:24739	arm64	0xd4f90	0	0	-	0	0	-
jpgctrl	F2I	utils.c:1496	amd64	0x48230c,0x482328	0,0	0	-	0	0	-
jpgctrl	F2I	utils.c:1496	arm64	0xeebf4,0xeec20	0,0	0	-	0	0	-
jpgctrl	F2I	utils.c:1497	amd64	0x482318,0x482334	0,0	0	-	0	0	-
jpgctrl	F2I	utils.c:1497	arm64	0xeec08,0xeec34,0xeec44	0,0,0	0	-	0	0	-
jpgctrl	F2I	utils.c:405	amd64	0x48340a,0x483410	0,4	0	-	0	0	-
jpgctrl	F2I	utils.c:406	arm64	0xf0024,0xf0040	4,0	0	-	0	0	-
jpgctrl	DIV	writejpg.c:218	amd64	0x48a71d	1	0	-	0	0	-
jpgctrl	DIV	writejpg.c:218	arm64	0xf7528	1	0	-	0	0	-
jpgctrl	DIV	writejpg.c:222	amd64	0x48a756	0	0	-	0	0	-
jpgctrl	DIV	writejpg.c:222	arm64	0xf75c4	0	0	-	0	0	-
jpgctrl	F2I	writejpg.c:236	amd64	0x48a633	1	0	-	0	0	-
jpgctrl	F2I	writejpg.c:236	arm64	0xf7660	1	0	-	0	0	-
jpgctrl	F2I	writejpg.c:237	amd64	0x48a637	1	0	-	0	0	-
jpgctrl	F2I	writejpg.c:237	arm64	0xf7664	1	0	-	0	0	-
jpgdiv	F2I	mapfile.c:487	amd64	0x47f755,0x47f828	0,0	0	-	136	136	-
jpgdiv	F2I	mapfile.c:487	arm64	0xebfb8,0xec098	0,0	0	-	1	1	-
jpgdiv	DIV	pdftex0.c:1363	amd64	0x41ce12	0	0	-	136	136	-
jpgdiv	DIV	pdftex0.c:1365	arm64	0x7a000	0	0	-	1	1	-
jpgdiv	DIV	pdftex0.c:1370	arm64	0x7a034	0	0	-	1	1	-
jpgdiv	DIV	pdftex0.c:1371	amd64	0x41ce20	0	0	-	136	136	-
jpgdiv	DIV	pdftex0.c:18140	amd64	0x469f26	0	0	-	136	136	-
jpgdiv	DIV	pdftex0.c:18140	arm64	0xd2190	0	0	-	1	1	-
jpgdiv	DIV	pdftex0.c:18511	amd64	0x469263	0	0	-	136	136	-
jpgdiv	DIV	pdftex0.c:18511	arm64	0xd1550	0	0	-	1	1	-
jpgdiv	DIV	pdftex0.c:23709	amd64	0x450430	0	0	-	136	136	-
jpgdiv	DIV	pdftex0.c:23709	arm64	0xb54cc	0	0	-	1	1	-
jpgdiv	DIV	pdftex0.c:24311	amd64	0x46cdc2	0	0	-	136	136	-
jpgdiv	DIV	pdftex0.c:24311	arm64	0xd5c08	0	0	-	1	1	-
jpgdiv	DIV	pdftex0.c:24739	amd64	0x46c3d5	0	0	-	136	136	-
jpgdiv	DIV	pdftex0.c:24739	arm64	0xd4f90	0	0	-	1	1	-
jpgdiv	F2I	utils.c:1496	amd64	0x48230c,0x482328	0,0	0	-	136	136	-
jpgdiv	F2I	utils.c:1496	arm64	0xeebf4,0xeec20	0,0	0	-	1	1	-
jpgdiv	F2I	utils.c:1497	amd64	0x482318,0x482334	0,0	0	-	136	136	-
jpgdiv	F2I	utils.c:1497	arm64	0xeec08,0xeec34,0xeec44	0,0,0	0	-	1	1	-
jpgdiv	F2I	utils.c:405	amd64	0x48340a,0x483410	0,0	0	-	136	136	-
jpgdiv	F2I	utils.c:406	arm64	0xf0024,0xf0040	0,0	0	-	1	1	-
jpgdiv	DIV	writejpg.c:218	amd64	0x48a71d	1	1	[-2147483648, -1]	136	136	writejpg.c:218
jpgdiv	DIV	writejpg.c:218	arm64	0xf7528	1	1	[-2147483648, -1]	1	1	-
jpgdiv	DIV	writejpg.c:222	amd64	0x48a756	0	0	-	136	136	-
jpgdiv	DIV	writejpg.c:222	arm64	0xf75c4	0	0	-	1	1	-
jpgdiv	F2I	writejpg.c:236	amd64	0x48a633	0	0	-	136	136	-
jpgdiv	F2I	writejpg.c:236	arm64	0xf7660	1	0	-	1	1	-
jpgdiv	F2I	writejpg.c:237	amd64	0x48a637	0	0	-	136	136	-
jpgdiv	F2I	writejpg.c:237	arm64	0xf7664	1	0	-	1	1	-
lead-hdvi-a	F2I	mapfile.c:487	amd64	0x47f755,0x47f828	0,0	0	-	0	0	-
lead-hdvi-a	F2I	mapfile.c:487	arm64	0xebfb8,0xec098	0,0	0	-	0	0	-
lead-hdvi-a	DIV	pdftex0.c:1363	amd64	0x41ce12	0	0	-	0	0	-
lead-hdvi-a	DIV	pdftex0.c:1365	arm64	0x7a000	0	0	-	0	0	-
lead-hdvi-a	DIV	pdftex0.c:1370	arm64	0x7a034	0	0	-	0	0	-
lead-hdvi-a	DIV	pdftex0.c:1371	amd64	0x41ce20	0	0	-	0	0	-
lead-hdvi-a	DIV	pdftex0.c:18140	amd64	0x469f26	0	0	-	0	0	-
lead-hdvi-a	DIV	pdftex0.c:18140	arm64	0xd2190	0	0	-	0	0	-
lead-hdvi-a	DIV	pdftex0.c:18511	amd64	0x469263	0	0	-	0	0	-
lead-hdvi-a	DIV	pdftex0.c:18511	arm64	0xd1550	0	0	-	0	0	-
lead-hdvi-a	DIV	pdftex0.c:23709	amd64	0x450430	0	0	-	0	0	-
lead-hdvi-a	DIV	pdftex0.c:23709	arm64	0xb54cc	0	0	-	0	0	-
lead-hdvi-a	DIV	pdftex0.c:24311	amd64	0x46cdc2	0	0	-	0	0	-
lead-hdvi-a	DIV	pdftex0.c:24311	arm64	0xd5c08	0	0	-	0	0	-
lead-hdvi-a	DIV	pdftex0.c:24739	amd64	0x46c3d5	0	0	-	0	0	-
lead-hdvi-a	DIV	pdftex0.c:24739	arm64	0xd4f90	0	0	-	0	0	-
lead-hdvi-a	F2I	utils.c:1496	amd64	0x48230c,0x482328	0,0	0	-	0	0	-
lead-hdvi-a	F2I	utils.c:1496	arm64	0xeebf4,0xeec20	0,0	0	-	0	0	-
lead-hdvi-a	F2I	utils.c:1497	amd64	0x482318,0x482334	0,0	0	-	0	0	-
lead-hdvi-a	F2I	utils.c:1497	arm64	0xeec08,0xeec34,0xeec44	0,0,0	0	-	0	0	-
lead-hdvi-a	F2I	utils.c:405	amd64	0x48340a,0x483410	0,0	0	-	0	0	-
lead-hdvi-a	F2I	utils.c:406	arm64	0xf0024,0xf0040	0,0	0	-	0	0	-
lead-hdvi-a	DIV	writejpg.c:218	amd64	0x48a71d	0	0	-	0	0	-
lead-hdvi-a	DIV	writejpg.c:218	arm64	0xf7528	0	0	-	0	0	-
lead-hdvi-a	DIV	writejpg.c:222	amd64	0x48a756	0	0	-	0	0	-
lead-hdvi-a	DIV	writejpg.c:222	arm64	0xf75c4	0	0	-	0	0	-
lead-hdvi-a	F2I	writejpg.c:236	amd64	0x48a633	0	0	-	0	0	-
lead-hdvi-a	F2I	writejpg.c:236	arm64	0xf7660	0	0	-	0	0	-
lead-hdvi-a	F2I	writejpg.c:237	amd64	0x48a637	0	0	-	0	0	-
lead-hdvi-a	F2I	writejpg.c:237	arm64	0xf7664	0	0	-	0	0	-
lead-hdvi-c	F2I	mapfile.c:487	amd64	0x47f755,0x47f828	0,0	0	-	0	0	-
lead-hdvi-c	F2I	mapfile.c:487	arm64	0xebfb8,0xec098	0,0	0	-	0	0	-
lead-hdvi-c	DIV	pdftex0.c:1363	amd64	0x41ce12	0	0	-	0	0	-
lead-hdvi-c	DIV	pdftex0.c:1365	arm64	0x7a000	0	0	-	0	0	-
lead-hdvi-c	DIV	pdftex0.c:1370	arm64	0x7a034	0	0	-	0	0	-
lead-hdvi-c	DIV	pdftex0.c:1371	amd64	0x41ce20	0	0	-	0	0	-
lead-hdvi-c	DIV	pdftex0.c:18140	amd64	0x469f26	0	0	-	0	0	-
lead-hdvi-c	DIV	pdftex0.c:18140	arm64	0xd2190	0	0	-	0	0	-
lead-hdvi-c	DIV	pdftex0.c:18511	amd64	0x469263	0	0	-	0	0	-
lead-hdvi-c	DIV	pdftex0.c:18511	arm64	0xd1550	0	0	-	0	0	-
lead-hdvi-c	DIV	pdftex0.c:23709	amd64	0x450430	0	0	-	0	0	-
lead-hdvi-c	DIV	pdftex0.c:23709	arm64	0xb54cc	0	0	-	0	0	-
lead-hdvi-c	DIV	pdftex0.c:24311	amd64	0x46cdc2	0	0	-	0	0	-
lead-hdvi-c	DIV	pdftex0.c:24311	arm64	0xd5c08	0	0	-	0	0	-
lead-hdvi-c	DIV	pdftex0.c:24739	amd64	0x46c3d5	0	0	-	0	0	-
lead-hdvi-c	DIV	pdftex0.c:24739	arm64	0xd4f90	0	0	-	0	0	-
lead-hdvi-c	F2I	utils.c:1496	amd64	0x48230c,0x482328	0,0	0	-	0	0	-
lead-hdvi-c	F2I	utils.c:1496	arm64	0xeebf4,0xeec20	0,0	0	-	0	0	-
lead-hdvi-c	F2I	utils.c:1497	amd64	0x482318,0x482334	0,0	0	-	0	0	-
lead-hdvi-c	F2I	utils.c:1497	arm64	0xeec08,0xeec34,0xeec44	0,0,0	0	-	0	0	-
lead-hdvi-c	F2I	utils.c:405	amd64	0x48340a,0x483410	0,0	0	-	0	0	-
lead-hdvi-c	F2I	utils.c:406	arm64	0xf0024,0xf0040	0,0	0	-	0	0	-
lead-hdvi-c	DIV	writejpg.c:218	amd64	0x48a71d	0	0	-	0	0	-
lead-hdvi-c	DIV	writejpg.c:218	arm64	0xf7528	0	0	-	0	0	-
lead-hdvi-c	DIV	writejpg.c:222	amd64	0x48a756	0	0	-	0	0	-
lead-hdvi-c	DIV	writejpg.c:222	arm64	0xf75c4	0	0	-	0	0	-
lead-hdvi-c	F2I	writejpg.c:236	amd64	0x48a633	0	0	-	0	0	-
lead-hdvi-c	F2I	writejpg.c:236	arm64	0xf7660	0	0	-	0	0	-
lead-hdvi-c	F2I	writejpg.c:237	amd64	0x48a637	0	0	-	0	0	-
lead-hdvi-c	F2I	writejpg.c:237	arm64	0xf7664	0	0	-	0	0	-
lead-hdvi-x	F2I	mapfile.c:487	amd64	0x47f755,0x47f828	0,0	0	-	136	136	-
lead-hdvi-x	F2I	mapfile.c:487	arm64	0xebfb8,0xec098	0,0	0	-	0	0	-
lead-hdvi-x	DIV	pdftex0.c:1363	amd64	0x41ce12	0	0	-	136	136	-
lead-hdvi-x	DIV	pdftex0.c:1365	arm64	0x7a000	0	0	-	0	0	-
lead-hdvi-x	DIV	pdftex0.c:1370	arm64	0x7a034	0	0	-	0	0	-
lead-hdvi-x	DIV	pdftex0.c:1371	amd64	0x41ce20	0	0	-	136	136	-
lead-hdvi-x	DIV	pdftex0.c:18140	amd64	0x469f26	1	1	[-549453817, 0]	136	136	pdftex0.c:18140
lead-hdvi-x	DIV	pdftex0.c:18140	arm64	0xd2190	1	1	[-549453817, 0]	0	0	-
lead-hdvi-x	DIV	pdftex0.c:18511	amd64	0x469263	0	0	-	136	136	-
lead-hdvi-x	DIV	pdftex0.c:18511	arm64	0xd1550	0	0	-	0	0	-
lead-hdvi-x	DIV	pdftex0.c:23709	amd64	0x450430	0	0	-	136	136	-
lead-hdvi-x	DIV	pdftex0.c:23709	arm64	0xb54cc	0	0	-	0	0	-
lead-hdvi-x	DIV	pdftex0.c:24311	amd64	0x46cdc2	0	0	-	136	136	-
lead-hdvi-x	DIV	pdftex0.c:24311	arm64	0xd5c08	0	0	-	0	0	-
lead-hdvi-x	DIV	pdftex0.c:24739	amd64	0x46c3d5	0	0	-	136	136	-
lead-hdvi-x	DIV	pdftex0.c:24739	arm64	0xd4f90	0	0	-	0	0	-
lead-hdvi-x	F2I	utils.c:1496	amd64	0x48230c,0x482328	0,0	0	-	136	136	-
lead-hdvi-x	F2I	utils.c:1496	arm64	0xeebf4,0xeec20	0,0	0	-	0	0	-
lead-hdvi-x	F2I	utils.c:1497	amd64	0x482318,0x482334	0,0	0	-	136	136	-
lead-hdvi-x	F2I	utils.c:1497	arm64	0xeec08,0xeec34,0xeec44	0,0,0	0	-	0	0	-
lead-hdvi-x	F2I	utils.c:405	amd64	0x48340a,0x483410	0,0	0	-	136	136	-
lead-hdvi-x	F2I	utils.c:406	arm64	0xf0024,0xf0040	0,0	0	-	0	0	-
lead-hdvi-x	DIV	writejpg.c:218	amd64	0x48a71d	0	0	-	136	136	-
lead-hdvi-x	DIV	writejpg.c:218	arm64	0xf7528	0	0	-	0	0	-
lead-hdvi-x	DIV	writejpg.c:222	amd64	0x48a756	0	0	-	136	136	-
lead-hdvi-x	DIV	writejpg.c:222	arm64	0xf75c4	0	0	-	0	0	-
lead-hdvi-x	F2I	writejpg.c:236	amd64	0x48a633	0	0	-	136	136	-
lead-hdvi-x	F2I	writejpg.c:236	arm64	0xf7660	0	0	-	0	0	-
lead-hdvi-x	F2I	writejpg.c:237	amd64	0x48a637	0	0	-	136	136	-
lead-hdvi-x	F2I	writejpg.c:237	arm64	0xf7664	0	0	-	0	0	-
lead-hdvi-xctl	F2I	mapfile.c:487	amd64	0x47f755,0x47f828	0,0	0	-	0	0	-
lead-hdvi-xctl	F2I	mapfile.c:487	arm64	0xebfb8,0xec098	0,0	0	-	0	0	-
lead-hdvi-xctl	DIV	pdftex0.c:1363	amd64	0x41ce12	0	0	-	0	0	-
lead-hdvi-xctl	DIV	pdftex0.c:1365	arm64	0x7a000	0	0	-	0	0	-
lead-hdvi-xctl	DIV	pdftex0.c:1370	arm64	0x7a034	0	0	-	0	0	-
lead-hdvi-xctl	DIV	pdftex0.c:1371	amd64	0x41ce20	0	0	-	0	0	-
lead-hdvi-xctl	DIV	pdftex0.c:18140	amd64	0x469f26	1	0	-	0	0	-
lead-hdvi-xctl	DIV	pdftex0.c:18140	arm64	0xd2190	1	0	-	0	0	-
lead-hdvi-xctl	DIV	pdftex0.c:18511	amd64	0x469263	0	0	-	0	0	-
lead-hdvi-xctl	DIV	pdftex0.c:18511	arm64	0xd1550	0	0	-	0	0	-
lead-hdvi-xctl	DIV	pdftex0.c:23709	amd64	0x450430	0	0	-	0	0	-
lead-hdvi-xctl	DIV	pdftex0.c:23709	arm64	0xb54cc	0	0	-	0	0	-
lead-hdvi-xctl	DIV	pdftex0.c:24311	amd64	0x46cdc2	0	0	-	0	0	-
lead-hdvi-xctl	DIV	pdftex0.c:24311	arm64	0xd5c08	0	0	-	0	0	-
lead-hdvi-xctl	DIV	pdftex0.c:24739	amd64	0x46c3d5	0	0	-	0	0	-
lead-hdvi-xctl	DIV	pdftex0.c:24739	arm64	0xd4f90	0	0	-	0	0	-
lead-hdvi-xctl	F2I	utils.c:1496	amd64	0x48230c,0x482328	0,0	0	-	0	0	-
lead-hdvi-xctl	F2I	utils.c:1496	arm64	0xeebf4,0xeec20	0,0	0	-	0	0	-
lead-hdvi-xctl	F2I	utils.c:1497	amd64	0x482318,0x482334	0,0	0	-	0	0	-
lead-hdvi-xctl	F2I	utils.c:1497	arm64	0xeec08,0xeec34,0xeec44	0,0,0	0	-	0	0	-
lead-hdvi-xctl	F2I	utils.c:405	amd64	0x48340a,0x483410	0,0	0	-	0	0	-
lead-hdvi-xctl	F2I	utils.c:406	arm64	0xf0024,0xf0040	0,0	0	-	0	0	-
lead-hdvi-xctl	DIV	writejpg.c:218	amd64	0x48a71d	0	0	-	0	0	-
lead-hdvi-xctl	DIV	writejpg.c:218	arm64	0xf7528	0	0	-	0	0	-
lead-hdvi-xctl	DIV	writejpg.c:222	amd64	0x48a756	0	0	-	0	0	-
lead-hdvi-xctl	DIV	writejpg.c:222	arm64	0xf75c4	0	0	-	0	0	-
lead-hdvi-xctl	F2I	writejpg.c:236	amd64	0x48a633	0	0	-	0	0	-
lead-hdvi-xctl	F2I	writejpg.c:236	arm64	0xf7660	0	0	-	0	0	-
lead-hdvi-xctl	F2I	writejpg.c:237	amd64	0x48a637	0	0	-	0	0	-
lead-hdvi-xctl	F2I	writejpg.c:237	arm64	0xf7664	0	0	-	0	0	-
lead-hpdf-a	F2I	mapfile.c:487	amd64	0x47f755,0x47f828	0,0	0	-	0	0	-
lead-hpdf-a	F2I	mapfile.c:487	arm64	0xebfb8,0xec098	0,0	0	-	0	0	-
lead-hpdf-a	DIV	pdftex0.c:1363	amd64	0x41ce12	0	0	-	0	0	-
lead-hpdf-a	DIV	pdftex0.c:1365	arm64	0x7a000	0	0	-	0	0	-
lead-hpdf-a	DIV	pdftex0.c:1370	arm64	0x7a034	0	0	-	0	0	-
lead-hpdf-a	DIV	pdftex0.c:1371	amd64	0x41ce20	0	0	-	0	0	-
lead-hpdf-a	DIV	pdftex0.c:18140	amd64	0x469f26	0	0	-	0	0	-
lead-hpdf-a	DIV	pdftex0.c:18140	arm64	0xd2190	0	0	-	0	0	-
lead-hpdf-a	DIV	pdftex0.c:18511	amd64	0x469263	0	0	-	0	0	-
lead-hpdf-a	DIV	pdftex0.c:18511	arm64	0xd1550	0	0	-	0	0	-
lead-hpdf-a	DIV	pdftex0.c:23709	amd64	0x450430	0	0	-	0	0	-
lead-hpdf-a	DIV	pdftex0.c:23709	arm64	0xb54cc	0	0	-	0	0	-
lead-hpdf-a	DIV	pdftex0.c:24311	amd64	0x46cdc2	0	0	-	0	0	-
lead-hpdf-a	DIV	pdftex0.c:24311	arm64	0xd5c08	0	0	-	0	0	-
lead-hpdf-a	DIV	pdftex0.c:24739	amd64	0x46c3d5	0	0	-	0	0	-
lead-hpdf-a	DIV	pdftex0.c:24739	arm64	0xd4f90	0	0	-	0	0	-
lead-hpdf-a	F2I	utils.c:1496	amd64	0x48230c,0x482328	0,0	0	-	0	0	-
lead-hpdf-a	F2I	utils.c:1496	arm64	0xeebf4,0xeec20	0,0	0	-	0	0	-
lead-hpdf-a	F2I	utils.c:1497	amd64	0x482318,0x482334	0,0	0	-	0	0	-
lead-hpdf-a	F2I	utils.c:1497	arm64	0xeec08,0xeec34,0xeec44	0,0,0	0	-	0	0	-
lead-hpdf-a	F2I	utils.c:405	amd64	0x48340a,0x483410	0,0	0	-	0	0	-
lead-hpdf-a	F2I	utils.c:406	arm64	0xf0024,0xf0040	0,0	0	-	0	0	-
lead-hpdf-a	DIV	writejpg.c:218	amd64	0x48a71d	0	0	-	0	0	-
lead-hpdf-a	DIV	writejpg.c:218	arm64	0xf7528	0	0	-	0	0	-
lead-hpdf-a	DIV	writejpg.c:222	amd64	0x48a756	0	0	-	0	0	-
lead-hpdf-a	DIV	writejpg.c:222	arm64	0xf75c4	0	0	-	0	0	-
lead-hpdf-a	F2I	writejpg.c:236	amd64	0x48a633	0	0	-	0	0	-
lead-hpdf-a	F2I	writejpg.c:236	arm64	0xf7660	0	0	-	0	0	-
lead-hpdf-a	F2I	writejpg.c:237	amd64	0x48a637	0	0	-	0	0	-
lead-hpdf-a	F2I	writejpg.c:237	arm64	0xf7664	0	0	-	0	0	-
lead-hpdf-c	F2I	mapfile.c:487	amd64	0x47f755,0x47f828	0,0	0	-	0	0	-
lead-hpdf-c	F2I	mapfile.c:487	arm64	0xebfb8,0xec098	0,0	0	-	0	0	-
lead-hpdf-c	DIV	pdftex0.c:1363	amd64	0x41ce12	0	0	-	0	0	-
lead-hpdf-c	DIV	pdftex0.c:1365	arm64	0x7a000	0	0	-	0	0	-
lead-hpdf-c	DIV	pdftex0.c:1370	arm64	0x7a034	0	0	-	0	0	-
lead-hpdf-c	DIV	pdftex0.c:1371	amd64	0x41ce20	0	0	-	0	0	-
lead-hpdf-c	DIV	pdftex0.c:18140	amd64	0x469f26	0	0	-	0	0	-
lead-hpdf-c	DIV	pdftex0.c:18140	arm64	0xd2190	0	0	-	0	0	-
lead-hpdf-c	DIV	pdftex0.c:18511	amd64	0x469263	0	0	-	0	0	-
lead-hpdf-c	DIV	pdftex0.c:18511	arm64	0xd1550	0	0	-	0	0	-
lead-hpdf-c	DIV	pdftex0.c:23709	amd64	0x450430	0	0	-	0	0	-
lead-hpdf-c	DIV	pdftex0.c:23709	arm64	0xb54cc	0	0	-	0	0	-
lead-hpdf-c	DIV	pdftex0.c:24311	amd64	0x46cdc2	0	0	-	0	0	-
lead-hpdf-c	DIV	pdftex0.c:24311	arm64	0xd5c08	0	0	-	0	0	-
lead-hpdf-c	DIV	pdftex0.c:24739	amd64	0x46c3d5	0	0	-	0	0	-
lead-hpdf-c	DIV	pdftex0.c:24739	arm64	0xd4f90	0	0	-	0	0	-
lead-hpdf-c	F2I	utils.c:1496	amd64	0x48230c,0x482328	0,0	0	-	0	0	-
lead-hpdf-c	F2I	utils.c:1496	arm64	0xeebf4,0xeec20	0,0	0	-	0	0	-
lead-hpdf-c	F2I	utils.c:1497	amd64	0x482318,0x482334	0,0	0	-	0	0	-
lead-hpdf-c	F2I	utils.c:1497	arm64	0xeec08,0xeec34,0xeec44	0,0,0	0	-	0	0	-
lead-hpdf-c	F2I	utils.c:405	amd64	0x48340a,0x483410	0,0	0	-	0	0	-
lead-hpdf-c	F2I	utils.c:406	arm64	0xf0024,0xf0040	0,0	0	-	0	0	-
lead-hpdf-c	DIV	writejpg.c:218	amd64	0x48a71d	0	0	-	0	0	-
lead-hpdf-c	DIV	writejpg.c:218	arm64	0xf7528	0	0	-	0	0	-
lead-hpdf-c	DIV	writejpg.c:222	amd64	0x48a756	0	0	-	0	0	-
lead-hpdf-c	DIV	writejpg.c:222	arm64	0xf75c4	0	0	-	0	0	-
lead-hpdf-c	F2I	writejpg.c:236	amd64	0x48a633	0	0	-	0	0	-
lead-hpdf-c	F2I	writejpg.c:236	arm64	0xf7660	0	0	-	0	0	-
lead-hpdf-c	F2I	writejpg.c:237	amd64	0x48a637	0	0	-	0	0	-
lead-hpdf-c	F2I	writejpg.c:237	arm64	0xf7664	0	0	-	0	0	-
lead-hpdf-x	F2I	mapfile.c:487	amd64	0x47f755,0x47f828	0,0	0	-	136	136	-
lead-hpdf-x	F2I	mapfile.c:487	arm64	0xebfb8,0xec098	0,0	0	-	0	0	-
lead-hpdf-x	DIV	pdftex0.c:1363	amd64	0x41ce12	0	0	-	136	136	-
lead-hpdf-x	DIV	pdftex0.c:1365	arm64	0x7a000	0	0	-	0	0	-
lead-hpdf-x	DIV	pdftex0.c:1370	arm64	0x7a034	0	0	-	0	0	-
lead-hpdf-x	DIV	pdftex0.c:1371	amd64	0x41ce20	0	0	-	136	136	-
lead-hpdf-x	DIV	pdftex0.c:18140	amd64	0x469f26	0	0	-	136	136	-
lead-hpdf-x	DIV	pdftex0.c:18140	arm64	0xd2190	0	0	-	0	0	-
lead-hpdf-x	DIV	pdftex0.c:18511	amd64	0x469263	0	0	-	136	136	-
lead-hpdf-x	DIV	pdftex0.c:18511	arm64	0xd1550	0	0	-	0	0	-
lead-hpdf-x	DIV	pdftex0.c:23709	amd64	0x450430	0	0	-	136	136	-
lead-hpdf-x	DIV	pdftex0.c:23709	arm64	0xb54cc	0	0	-	0	0	-
lead-hpdf-x	DIV	pdftex0.c:24311	amd64	0x46cdc2	1	1	[-549453817, 0]	136	136	pdftex0.c:24311
lead-hpdf-x	DIV	pdftex0.c:24311	arm64	0xd5c08	1	1	[-549453817, 0]	0	0	-
lead-hpdf-x	DIV	pdftex0.c:24739	amd64	0x46c3d5	0	0	-	136	136	-
lead-hpdf-x	DIV	pdftex0.c:24739	arm64	0xd4f90	0	0	-	0	0	-
lead-hpdf-x	F2I	utils.c:1496	amd64	0x48230c,0x482328	0,0	0	-	136	136	-
lead-hpdf-x	F2I	utils.c:1496	arm64	0xeebf4,0xeec20	0,0	0	-	0	0	-
lead-hpdf-x	F2I	utils.c:1497	amd64	0x482318,0x482334	0,0	0	-	136	136	-
lead-hpdf-x	F2I	utils.c:1497	arm64	0xeec08,0xeec34,0xeec44	0,0,0	0	-	0	0	-
lead-hpdf-x	F2I	utils.c:405	amd64	0x48340a,0x483410	0,0	0	-	136	136	-
lead-hpdf-x	F2I	utils.c:406	arm64	0xf0024,0xf0040	0,0	0	-	0	0	-
lead-hpdf-x	DIV	writejpg.c:218	amd64	0x48a71d	0	0	-	136	136	-
lead-hpdf-x	DIV	writejpg.c:218	arm64	0xf7528	0	0	-	0	0	-
lead-hpdf-x	DIV	writejpg.c:222	amd64	0x48a756	0	0	-	136	136	-
lead-hpdf-x	DIV	writejpg.c:222	arm64	0xf75c4	0	0	-	0	0	-
lead-hpdf-x	F2I	writejpg.c:236	amd64	0x48a633	0	0	-	136	136	-
lead-hpdf-x	F2I	writejpg.c:236	arm64	0xf7660	0	0	-	0	0	-
lead-hpdf-x	F2I	writejpg.c:237	amd64	0x48a637	0	0	-	136	136	-
lead-hpdf-x	F2I	writejpg.c:237	arm64	0xf7664	0	0	-	0	0	-
lead-hpdf-xctl	F2I	mapfile.c:487	amd64	0x47f755,0x47f828	0,0	0	-	0	0	-
lead-hpdf-xctl	F2I	mapfile.c:487	arm64	0xebfb8,0xec098	0,0	0	-	0	0	-
lead-hpdf-xctl	DIV	pdftex0.c:1363	amd64	0x41ce12	0	0	-	0	0	-
lead-hpdf-xctl	DIV	pdftex0.c:1365	arm64	0x7a000	0	0	-	0	0	-
lead-hpdf-xctl	DIV	pdftex0.c:1370	arm64	0x7a034	0	0	-	0	0	-
lead-hpdf-xctl	DIV	pdftex0.c:1371	amd64	0x41ce20	0	0	-	0	0	-
lead-hpdf-xctl	DIV	pdftex0.c:18140	amd64	0x469f26	0	0	-	0	0	-
lead-hpdf-xctl	DIV	pdftex0.c:18140	arm64	0xd2190	0	0	-	0	0	-
lead-hpdf-xctl	DIV	pdftex0.c:18511	amd64	0x469263	0	0	-	0	0	-
lead-hpdf-xctl	DIV	pdftex0.c:18511	arm64	0xd1550	0	0	-	0	0	-
lead-hpdf-xctl	DIV	pdftex0.c:23709	amd64	0x450430	0	0	-	0	0	-
lead-hpdf-xctl	DIV	pdftex0.c:23709	arm64	0xb54cc	0	0	-	0	0	-
lead-hpdf-xctl	DIV	pdftex0.c:24311	amd64	0x46cdc2	1	0	-	0	0	-
lead-hpdf-xctl	DIV	pdftex0.c:24311	arm64	0xd5c08	1	0	-	0	0	-
lead-hpdf-xctl	DIV	pdftex0.c:24739	amd64	0x46c3d5	0	0	-	0	0	-
lead-hpdf-xctl	DIV	pdftex0.c:24739	arm64	0xd4f90	0	0	-	0	0	-
lead-hpdf-xctl	F2I	utils.c:1496	amd64	0x48230c,0x482328	0,0	0	-	0	0	-
lead-hpdf-xctl	F2I	utils.c:1496	arm64	0xeebf4,0xeec20	0,0	0	-	0	0	-
lead-hpdf-xctl	F2I	utils.c:1497	amd64	0x482318,0x482334	0,0	0	-	0	0	-
lead-hpdf-xctl	F2I	utils.c:1497	arm64	0xeec08,0xeec34,0xeec44	0,0,0	0	-	0	0	-
lead-hpdf-xctl	F2I	utils.c:405	amd64	0x48340a,0x483410	0,0	0	-	0	0	-
lead-hpdf-xctl	F2I	utils.c:406	arm64	0xf0024,0xf0040	0,0	0	-	0	0	-
lead-hpdf-xctl	DIV	writejpg.c:218	amd64	0x48a71d	0	0	-	0	0	-
lead-hpdf-xctl	DIV	writejpg.c:218	arm64	0xf7528	0	0	-	0	0	-
lead-hpdf-xctl	DIV	writejpg.c:222	amd64	0x48a756	0	0	-	0	0	-
lead-hpdf-xctl	DIV	writejpg.c:222	arm64	0xf75c4	0	0	-	0	0	-
lead-hpdf-xctl	F2I	writejpg.c:236	amd64	0x48a633	0	0	-	0	0	-
lead-hpdf-xctl	F2I	writejpg.c:236	arm64	0xf7660	0	0	-	0	0	-
lead-hpdf-xctl	F2I	writejpg.c:237	amd64	0x48a637	0	0	-	0	0	-
lead-hpdf-xctl	F2I	writejpg.c:237	arm64	0xf7664	0	0	-	0	0	-
lead-vdvi-a	F2I	mapfile.c:487	amd64	0x47f755,0x47f828	0,0	0	-	0	0	-
lead-vdvi-a	F2I	mapfile.c:487	arm64	0xebfb8,0xec098	0,0	0	-	0	0	-
lead-vdvi-a	DIV	pdftex0.c:1363	amd64	0x41ce12	0	0	-	0	0	-
lead-vdvi-a	DIV	pdftex0.c:1365	arm64	0x7a000	0	0	-	0	0	-
lead-vdvi-a	DIV	pdftex0.c:1370	arm64	0x7a034	0	0	-	0	0	-
lead-vdvi-a	DIV	pdftex0.c:1371	amd64	0x41ce20	0	0	-	0	0	-
lead-vdvi-a	DIV	pdftex0.c:18140	amd64	0x469f26	0	0	-	0	0	-
lead-vdvi-a	DIV	pdftex0.c:18140	arm64	0xd2190	0	0	-	0	0	-
lead-vdvi-a	DIV	pdftex0.c:18511	amd64	0x469263	0	0	-	0	0	-
lead-vdvi-a	DIV	pdftex0.c:18511	arm64	0xd1550	0	0	-	0	0	-
lead-vdvi-a	DIV	pdftex0.c:23709	amd64	0x450430	0	0	-	0	0	-
lead-vdvi-a	DIV	pdftex0.c:23709	arm64	0xb54cc	0	0	-	0	0	-
lead-vdvi-a	DIV	pdftex0.c:24311	amd64	0x46cdc2	0	0	-	0	0	-
lead-vdvi-a	DIV	pdftex0.c:24311	arm64	0xd5c08	0	0	-	0	0	-
lead-vdvi-a	DIV	pdftex0.c:24739	amd64	0x46c3d5	0	0	-	0	0	-
lead-vdvi-a	DIV	pdftex0.c:24739	arm64	0xd4f90	0	0	-	0	0	-
lead-vdvi-a	F2I	utils.c:1496	amd64	0x48230c,0x482328	0,0	0	-	0	0	-
lead-vdvi-a	F2I	utils.c:1496	arm64	0xeebf4,0xeec20	0,0	0	-	0	0	-
lead-vdvi-a	F2I	utils.c:1497	amd64	0x482318,0x482334	0,0	0	-	0	0	-
lead-vdvi-a	F2I	utils.c:1497	arm64	0xeec08,0xeec34,0xeec44	0,0,0	0	-	0	0	-
lead-vdvi-a	F2I	utils.c:405	amd64	0x48340a,0x483410	0,0	0	-	0	0	-
lead-vdvi-a	F2I	utils.c:406	arm64	0xf0024,0xf0040	0,0	0	-	0	0	-
lead-vdvi-a	DIV	writejpg.c:218	amd64	0x48a71d	0	0	-	0	0	-
lead-vdvi-a	DIV	writejpg.c:218	arm64	0xf7528	0	0	-	0	0	-
lead-vdvi-a	DIV	writejpg.c:222	amd64	0x48a756	0	0	-	0	0	-
lead-vdvi-a	DIV	writejpg.c:222	arm64	0xf75c4	0	0	-	0	0	-
lead-vdvi-a	F2I	writejpg.c:236	amd64	0x48a633	0	0	-	0	0	-
lead-vdvi-a	F2I	writejpg.c:236	arm64	0xf7660	0	0	-	0	0	-
lead-vdvi-a	F2I	writejpg.c:237	amd64	0x48a637	0	0	-	0	0	-
lead-vdvi-a	F2I	writejpg.c:237	arm64	0xf7664	0	0	-	0	0	-
lead-vdvi-c	F2I	mapfile.c:487	amd64	0x47f755,0x47f828	0,0	0	-	0	0	-
lead-vdvi-c	F2I	mapfile.c:487	arm64	0xebfb8,0xec098	0,0	0	-	0	0	-
lead-vdvi-c	DIV	pdftex0.c:1363	amd64	0x41ce12	0	0	-	0	0	-
lead-vdvi-c	DIV	pdftex0.c:1365	arm64	0x7a000	0	0	-	0	0	-
lead-vdvi-c	DIV	pdftex0.c:1370	arm64	0x7a034	0	0	-	0	0	-
lead-vdvi-c	DIV	pdftex0.c:1371	amd64	0x41ce20	0	0	-	0	0	-
lead-vdvi-c	DIV	pdftex0.c:18140	amd64	0x469f26	0	0	-	0	0	-
lead-vdvi-c	DIV	pdftex0.c:18140	arm64	0xd2190	0	0	-	0	0	-
lead-vdvi-c	DIV	pdftex0.c:18511	amd64	0x469263	0	0	-	0	0	-
lead-vdvi-c	DIV	pdftex0.c:18511	arm64	0xd1550	0	0	-	0	0	-
lead-vdvi-c	DIV	pdftex0.c:23709	amd64	0x450430	0	0	-	0	0	-
lead-vdvi-c	DIV	pdftex0.c:23709	arm64	0xb54cc	0	0	-	0	0	-
lead-vdvi-c	DIV	pdftex0.c:24311	amd64	0x46cdc2	0	0	-	0	0	-
lead-vdvi-c	DIV	pdftex0.c:24311	arm64	0xd5c08	0	0	-	0	0	-
lead-vdvi-c	DIV	pdftex0.c:24739	amd64	0x46c3d5	0	0	-	0	0	-
lead-vdvi-c	DIV	pdftex0.c:24739	arm64	0xd4f90	0	0	-	0	0	-
lead-vdvi-c	F2I	utils.c:1496	amd64	0x48230c,0x482328	0,0	0	-	0	0	-
lead-vdvi-c	F2I	utils.c:1496	arm64	0xeebf4,0xeec20	0,0	0	-	0	0	-
lead-vdvi-c	F2I	utils.c:1497	amd64	0x482318,0x482334	0,0	0	-	0	0	-
lead-vdvi-c	F2I	utils.c:1497	arm64	0xeec08,0xeec34,0xeec44	0,0,0	0	-	0	0	-
lead-vdvi-c	F2I	utils.c:405	amd64	0x48340a,0x483410	0,0	0	-	0	0	-
lead-vdvi-c	F2I	utils.c:406	arm64	0xf0024,0xf0040	0,0	0	-	0	0	-
lead-vdvi-c	DIV	writejpg.c:218	amd64	0x48a71d	0	0	-	0	0	-
lead-vdvi-c	DIV	writejpg.c:218	arm64	0xf7528	0	0	-	0	0	-
lead-vdvi-c	DIV	writejpg.c:222	amd64	0x48a756	0	0	-	0	0	-
lead-vdvi-c	DIV	writejpg.c:222	arm64	0xf75c4	0	0	-	0	0	-
lead-vdvi-c	F2I	writejpg.c:236	amd64	0x48a633	0	0	-	0	0	-
lead-vdvi-c	F2I	writejpg.c:236	arm64	0xf7660	0	0	-	0	0	-
lead-vdvi-c	F2I	writejpg.c:237	amd64	0x48a637	0	0	-	0	0	-
lead-vdvi-c	F2I	writejpg.c:237	arm64	0xf7664	0	0	-	0	0	-
lead-vdvi-x	F2I	mapfile.c:487	amd64	0x47f755,0x47f828	0,0	0	-	136	136	-
lead-vdvi-x	F2I	mapfile.c:487	arm64	0xebfb8,0xec098	0,0	0	-	0	0	-
lead-vdvi-x	DIV	pdftex0.c:1363	amd64	0x41ce12	0	0	-	136	136	-
lead-vdvi-x	DIV	pdftex0.c:1365	arm64	0x7a000	0	0	-	0	0	-
lead-vdvi-x	DIV	pdftex0.c:1370	arm64	0x7a034	0	0	-	0	0	-
lead-vdvi-x	DIV	pdftex0.c:1371	amd64	0x41ce20	0	0	-	136	136	-
lead-vdvi-x	DIV	pdftex0.c:18140	amd64	0x469f26	0	0	-	136	136	-
lead-vdvi-x	DIV	pdftex0.c:18140	arm64	0xd2190	0	0	-	0	0	-
lead-vdvi-x	DIV	pdftex0.c:18511	amd64	0x469263	1	1	[-549453817, 0]	136	136	pdftex0.c:18511
lead-vdvi-x	DIV	pdftex0.c:18511	arm64	0xd1550	1	1	[-549453817, 0]	0	0	-
lead-vdvi-x	DIV	pdftex0.c:23709	amd64	0x450430	0	0	-	136	136	-
lead-vdvi-x	DIV	pdftex0.c:23709	arm64	0xb54cc	0	0	-	0	0	-
lead-vdvi-x	DIV	pdftex0.c:24311	amd64	0x46cdc2	0	0	-	136	136	-
lead-vdvi-x	DIV	pdftex0.c:24311	arm64	0xd5c08	0	0	-	0	0	-
lead-vdvi-x	DIV	pdftex0.c:24739	amd64	0x46c3d5	0	0	-	136	136	-
lead-vdvi-x	DIV	pdftex0.c:24739	arm64	0xd4f90	0	0	-	0	0	-
lead-vdvi-x	F2I	utils.c:1496	amd64	0x48230c,0x482328	0,0	0	-	136	136	-
lead-vdvi-x	F2I	utils.c:1496	arm64	0xeebf4,0xeec20	0,0	0	-	0	0	-
lead-vdvi-x	F2I	utils.c:1497	amd64	0x482318,0x482334	0,0	0	-	136	136	-
lead-vdvi-x	F2I	utils.c:1497	arm64	0xeec08,0xeec34,0xeec44	0,0,0	0	-	0	0	-
lead-vdvi-x	F2I	utils.c:405	amd64	0x48340a,0x483410	0,0	0	-	136	136	-
lead-vdvi-x	F2I	utils.c:406	arm64	0xf0024,0xf0040	0,0	0	-	0	0	-
lead-vdvi-x	DIV	writejpg.c:218	amd64	0x48a71d	0	0	-	136	136	-
lead-vdvi-x	DIV	writejpg.c:218	arm64	0xf7528	0	0	-	0	0	-
lead-vdvi-x	DIV	writejpg.c:222	amd64	0x48a756	0	0	-	136	136	-
lead-vdvi-x	DIV	writejpg.c:222	arm64	0xf75c4	0	0	-	0	0	-
lead-vdvi-x	F2I	writejpg.c:236	amd64	0x48a633	0	0	-	136	136	-
lead-vdvi-x	F2I	writejpg.c:236	arm64	0xf7660	0	0	-	0	0	-
lead-vdvi-x	F2I	writejpg.c:237	amd64	0x48a637	0	0	-	136	136	-
lead-vdvi-x	F2I	writejpg.c:237	arm64	0xf7664	0	0	-	0	0	-
lead-vdvi-xctl	F2I	mapfile.c:487	amd64	0x47f755,0x47f828	0,0	0	-	0	0	-
lead-vdvi-xctl	F2I	mapfile.c:487	arm64	0xebfb8,0xec098	0,0	0	-	0	0	-
lead-vdvi-xctl	DIV	pdftex0.c:1363	amd64	0x41ce12	0	0	-	0	0	-
lead-vdvi-xctl	DIV	pdftex0.c:1365	arm64	0x7a000	0	0	-	0	0	-
lead-vdvi-xctl	DIV	pdftex0.c:1370	arm64	0x7a034	0	0	-	0	0	-
lead-vdvi-xctl	DIV	pdftex0.c:1371	amd64	0x41ce20	0	0	-	0	0	-
lead-vdvi-xctl	DIV	pdftex0.c:18140	amd64	0x469f26	0	0	-	0	0	-
lead-vdvi-xctl	DIV	pdftex0.c:18140	arm64	0xd2190	0	0	-	0	0	-
lead-vdvi-xctl	DIV	pdftex0.c:18511	amd64	0x469263	1	0	-	0	0	-
lead-vdvi-xctl	DIV	pdftex0.c:18511	arm64	0xd1550	1	0	-	0	0	-
lead-vdvi-xctl	DIV	pdftex0.c:23709	amd64	0x450430	0	0	-	0	0	-
lead-vdvi-xctl	DIV	pdftex0.c:23709	arm64	0xb54cc	0	0	-	0	0	-
lead-vdvi-xctl	DIV	pdftex0.c:24311	amd64	0x46cdc2	0	0	-	0	0	-
lead-vdvi-xctl	DIV	pdftex0.c:24311	arm64	0xd5c08	0	0	-	0	0	-
lead-vdvi-xctl	DIV	pdftex0.c:24739	amd64	0x46c3d5	0	0	-	0	0	-
lead-vdvi-xctl	DIV	pdftex0.c:24739	arm64	0xd4f90	0	0	-	0	0	-
lead-vdvi-xctl	F2I	utils.c:1496	amd64	0x48230c,0x482328	0,0	0	-	0	0	-
lead-vdvi-xctl	F2I	utils.c:1496	arm64	0xeebf4,0xeec20	0,0	0	-	0	0	-
lead-vdvi-xctl	F2I	utils.c:1497	amd64	0x482318,0x482334	0,0	0	-	0	0	-
lead-vdvi-xctl	F2I	utils.c:1497	arm64	0xeec08,0xeec34,0xeec44	0,0,0	0	-	0	0	-
lead-vdvi-xctl	F2I	utils.c:405	amd64	0x48340a,0x483410	0,0	0	-	0	0	-
lead-vdvi-xctl	F2I	utils.c:406	arm64	0xf0024,0xf0040	0,0	0	-	0	0	-
lead-vdvi-xctl	DIV	writejpg.c:218	amd64	0x48a71d	0	0	-	0	0	-
lead-vdvi-xctl	DIV	writejpg.c:218	arm64	0xf7528	0	0	-	0	0	-
lead-vdvi-xctl	DIV	writejpg.c:222	amd64	0x48a756	0	0	-	0	0	-
lead-vdvi-xctl	DIV	writejpg.c:222	arm64	0xf75c4	0	0	-	0	0	-
lead-vdvi-xctl	F2I	writejpg.c:236	amd64	0x48a633	0	0	-	0	0	-
lead-vdvi-xctl	F2I	writejpg.c:236	arm64	0xf7660	0	0	-	0	0	-
lead-vdvi-xctl	F2I	writejpg.c:237	amd64	0x48a637	0	0	-	0	0	-
lead-vdvi-xctl	F2I	writejpg.c:237	arm64	0xf7664	0	0	-	0	0	-
lead-vpdf-a	F2I	mapfile.c:487	amd64	0x47f755,0x47f828	0,0	0	-	0	0	-
lead-vpdf-a	F2I	mapfile.c:487	arm64	0xebfb8,0xec098	0,0	0	-	0	0	-
lead-vpdf-a	DIV	pdftex0.c:1363	amd64	0x41ce12	0	0	-	0	0	-
lead-vpdf-a	DIV	pdftex0.c:1365	arm64	0x7a000	0	0	-	0	0	-
lead-vpdf-a	DIV	pdftex0.c:1370	arm64	0x7a034	0	0	-	0	0	-
lead-vpdf-a	DIV	pdftex0.c:1371	amd64	0x41ce20	0	0	-	0	0	-
lead-vpdf-a	DIV	pdftex0.c:18140	amd64	0x469f26	0	0	-	0	0	-
lead-vpdf-a	DIV	pdftex0.c:18140	arm64	0xd2190	0	0	-	0	0	-
lead-vpdf-a	DIV	pdftex0.c:18511	amd64	0x469263	0	0	-	0	0	-
lead-vpdf-a	DIV	pdftex0.c:18511	arm64	0xd1550	0	0	-	0	0	-
lead-vpdf-a	DIV	pdftex0.c:23709	amd64	0x450430	0	0	-	0	0	-
lead-vpdf-a	DIV	pdftex0.c:23709	arm64	0xb54cc	0	0	-	0	0	-
lead-vpdf-a	DIV	pdftex0.c:24311	amd64	0x46cdc2	0	0	-	0	0	-
lead-vpdf-a	DIV	pdftex0.c:24311	arm64	0xd5c08	0	0	-	0	0	-
lead-vpdf-a	DIV	pdftex0.c:24739	amd64	0x46c3d5	0	0	-	0	0	-
lead-vpdf-a	DIV	pdftex0.c:24739	arm64	0xd4f90	0	0	-	0	0	-
lead-vpdf-a	F2I	utils.c:1496	amd64	0x48230c,0x482328	0,0	0	-	0	0	-
lead-vpdf-a	F2I	utils.c:1496	arm64	0xeebf4,0xeec20	0,0	0	-	0	0	-
lead-vpdf-a	F2I	utils.c:1497	amd64	0x482318,0x482334	0,0	0	-	0	0	-
lead-vpdf-a	F2I	utils.c:1497	arm64	0xeec08,0xeec34,0xeec44	0,0,0	0	-	0	0	-
lead-vpdf-a	F2I	utils.c:405	amd64	0x48340a,0x483410	0,0	0	-	0	0	-
lead-vpdf-a	F2I	utils.c:406	arm64	0xf0024,0xf0040	0,0	0	-	0	0	-
lead-vpdf-a	DIV	writejpg.c:218	amd64	0x48a71d	0	0	-	0	0	-
lead-vpdf-a	DIV	writejpg.c:218	arm64	0xf7528	0	0	-	0	0	-
lead-vpdf-a	DIV	writejpg.c:222	amd64	0x48a756	0	0	-	0	0	-
lead-vpdf-a	DIV	writejpg.c:222	arm64	0xf75c4	0	0	-	0	0	-
lead-vpdf-a	F2I	writejpg.c:236	amd64	0x48a633	0	0	-	0	0	-
lead-vpdf-a	F2I	writejpg.c:236	arm64	0xf7660	0	0	-	0	0	-
lead-vpdf-a	F2I	writejpg.c:237	amd64	0x48a637	0	0	-	0	0	-
lead-vpdf-a	F2I	writejpg.c:237	arm64	0xf7664	0	0	-	0	0	-
lead-vpdf-c	F2I	mapfile.c:487	amd64	0x47f755,0x47f828	0,0	0	-	0	0	-
lead-vpdf-c	F2I	mapfile.c:487	arm64	0xebfb8,0xec098	0,0	0	-	0	0	-
lead-vpdf-c	DIV	pdftex0.c:1363	amd64	0x41ce12	0	0	-	0	0	-
lead-vpdf-c	DIV	pdftex0.c:1365	arm64	0x7a000	0	0	-	0	0	-
lead-vpdf-c	DIV	pdftex0.c:1370	arm64	0x7a034	0	0	-	0	0	-
lead-vpdf-c	DIV	pdftex0.c:1371	amd64	0x41ce20	0	0	-	0	0	-
lead-vpdf-c	DIV	pdftex0.c:18140	amd64	0x469f26	0	0	-	0	0	-
lead-vpdf-c	DIV	pdftex0.c:18140	arm64	0xd2190	0	0	-	0	0	-
lead-vpdf-c	DIV	pdftex0.c:18511	amd64	0x469263	0	0	-	0	0	-
lead-vpdf-c	DIV	pdftex0.c:18511	arm64	0xd1550	0	0	-	0	0	-
lead-vpdf-c	DIV	pdftex0.c:23709	amd64	0x450430	0	0	-	0	0	-
lead-vpdf-c	DIV	pdftex0.c:23709	arm64	0xb54cc	0	0	-	0	0	-
lead-vpdf-c	DIV	pdftex0.c:24311	amd64	0x46cdc2	0	0	-	0	0	-
lead-vpdf-c	DIV	pdftex0.c:24311	arm64	0xd5c08	0	0	-	0	0	-
lead-vpdf-c	DIV	pdftex0.c:24739	amd64	0x46c3d5	0	0	-	0	0	-
lead-vpdf-c	DIV	pdftex0.c:24739	arm64	0xd4f90	0	0	-	0	0	-
lead-vpdf-c	F2I	utils.c:1496	amd64	0x48230c,0x482328	0,0	0	-	0	0	-
lead-vpdf-c	F2I	utils.c:1496	arm64	0xeebf4,0xeec20	0,0	0	-	0	0	-
lead-vpdf-c	F2I	utils.c:1497	amd64	0x482318,0x482334	0,0	0	-	0	0	-
lead-vpdf-c	F2I	utils.c:1497	arm64	0xeec08,0xeec34,0xeec44	0,0,0	0	-	0	0	-
lead-vpdf-c	F2I	utils.c:405	amd64	0x48340a,0x483410	0,0	0	-	0	0	-
lead-vpdf-c	F2I	utils.c:406	arm64	0xf0024,0xf0040	0,0	0	-	0	0	-
lead-vpdf-c	DIV	writejpg.c:218	amd64	0x48a71d	0	0	-	0	0	-
lead-vpdf-c	DIV	writejpg.c:218	arm64	0xf7528	0	0	-	0	0	-
lead-vpdf-c	DIV	writejpg.c:222	amd64	0x48a756	0	0	-	0	0	-
lead-vpdf-c	DIV	writejpg.c:222	arm64	0xf75c4	0	0	-	0	0	-
lead-vpdf-c	F2I	writejpg.c:236	amd64	0x48a633	0	0	-	0	0	-
lead-vpdf-c	F2I	writejpg.c:236	arm64	0xf7660	0	0	-	0	0	-
lead-vpdf-c	F2I	writejpg.c:237	amd64	0x48a637	0	0	-	0	0	-
lead-vpdf-c	F2I	writejpg.c:237	arm64	0xf7664	0	0	-	0	0	-
lead-vpdf-x	F2I	mapfile.c:487	amd64	0x47f755,0x47f828	0,0	0	-	136	136	-
lead-vpdf-x	F2I	mapfile.c:487	arm64	0xebfb8,0xec098	0,0	0	-	0	0	-
lead-vpdf-x	DIV	pdftex0.c:1363	amd64	0x41ce12	0	0	-	136	136	-
lead-vpdf-x	DIV	pdftex0.c:1365	arm64	0x7a000	0	0	-	0	0	-
lead-vpdf-x	DIV	pdftex0.c:1370	arm64	0x7a034	0	0	-	0	0	-
lead-vpdf-x	DIV	pdftex0.c:1371	amd64	0x41ce20	0	0	-	136	136	-
lead-vpdf-x	DIV	pdftex0.c:18140	amd64	0x469f26	0	0	-	136	136	-
lead-vpdf-x	DIV	pdftex0.c:18140	arm64	0xd2190	0	0	-	0	0	-
lead-vpdf-x	DIV	pdftex0.c:18511	amd64	0x469263	0	0	-	136	136	-
lead-vpdf-x	DIV	pdftex0.c:18511	arm64	0xd1550	0	0	-	0	0	-
lead-vpdf-x	DIV	pdftex0.c:23709	amd64	0x450430	0	0	-	136	136	-
lead-vpdf-x	DIV	pdftex0.c:23709	arm64	0xb54cc	0	0	-	0	0	-
lead-vpdf-x	DIV	pdftex0.c:24311	amd64	0x46cdc2	0	0	-	136	136	-
lead-vpdf-x	DIV	pdftex0.c:24311	arm64	0xd5c08	0	0	-	0	0	-
lead-vpdf-x	DIV	pdftex0.c:24739	amd64	0x46c3d5	1	1	[-549453817, 0]	136	136	pdftex0.c:24739
lead-vpdf-x	DIV	pdftex0.c:24739	arm64	0xd4f90	1	1	[-549453817, 0]	0	0	-
lead-vpdf-x	F2I	utils.c:1496	amd64	0x48230c,0x482328	0,0	0	-	136	136	-
lead-vpdf-x	F2I	utils.c:1496	arm64	0xeebf4,0xeec20	0,0	0	-	0	0	-
lead-vpdf-x	F2I	utils.c:1497	amd64	0x482318,0x482334	0,0	0	-	136	136	-
lead-vpdf-x	F2I	utils.c:1497	arm64	0xeec08,0xeec34,0xeec44	0,0,0	0	-	0	0	-
lead-vpdf-x	F2I	utils.c:405	amd64	0x48340a,0x483410	0,0	0	-	136	136	-
lead-vpdf-x	F2I	utils.c:406	arm64	0xf0024,0xf0040	0,0	0	-	0	0	-
lead-vpdf-x	DIV	writejpg.c:218	amd64	0x48a71d	0	0	-	136	136	-
lead-vpdf-x	DIV	writejpg.c:218	arm64	0xf7528	0	0	-	0	0	-
lead-vpdf-x	DIV	writejpg.c:222	amd64	0x48a756	0	0	-	136	136	-
lead-vpdf-x	DIV	writejpg.c:222	arm64	0xf75c4	0	0	-	0	0	-
lead-vpdf-x	F2I	writejpg.c:236	amd64	0x48a633	0	0	-	136	136	-
lead-vpdf-x	F2I	writejpg.c:236	arm64	0xf7660	0	0	-	0	0	-
lead-vpdf-x	F2I	writejpg.c:237	amd64	0x48a637	0	0	-	136	136	-
lead-vpdf-x	F2I	writejpg.c:237	arm64	0xf7664	0	0	-	0	0	-
lead-vpdf-xctl	F2I	mapfile.c:487	amd64	0x47f755,0x47f828	0,0	0	-	0	0	-
lead-vpdf-xctl	F2I	mapfile.c:487	arm64	0xebfb8,0xec098	0,0	0	-	0	0	-
lead-vpdf-xctl	DIV	pdftex0.c:1363	amd64	0x41ce12	0	0	-	0	0	-
lead-vpdf-xctl	DIV	pdftex0.c:1365	arm64	0x7a000	0	0	-	0	0	-
lead-vpdf-xctl	DIV	pdftex0.c:1370	arm64	0x7a034	0	0	-	0	0	-
lead-vpdf-xctl	DIV	pdftex0.c:1371	amd64	0x41ce20	0	0	-	0	0	-
lead-vpdf-xctl	DIV	pdftex0.c:18140	amd64	0x469f26	0	0	-	0	0	-
lead-vpdf-xctl	DIV	pdftex0.c:18140	arm64	0xd2190	0	0	-	0	0	-
lead-vpdf-xctl	DIV	pdftex0.c:18511	amd64	0x469263	0	0	-	0	0	-
lead-vpdf-xctl	DIV	pdftex0.c:18511	arm64	0xd1550	0	0	-	0	0	-
lead-vpdf-xctl	DIV	pdftex0.c:23709	amd64	0x450430	0	0	-	0	0	-
lead-vpdf-xctl	DIV	pdftex0.c:23709	arm64	0xb54cc	0	0	-	0	0	-
lead-vpdf-xctl	DIV	pdftex0.c:24311	amd64	0x46cdc2	0	0	-	0	0	-
lead-vpdf-xctl	DIV	pdftex0.c:24311	arm64	0xd5c08	0	0	-	0	0	-
lead-vpdf-xctl	DIV	pdftex0.c:24739	amd64	0x46c3d5	1	0	-	0	0	-
lead-vpdf-xctl	DIV	pdftex0.c:24739	arm64	0xd4f90	1	0	-	0	0	-
lead-vpdf-xctl	F2I	utils.c:1496	amd64	0x48230c,0x482328	0,0	0	-	0	0	-
lead-vpdf-xctl	F2I	utils.c:1496	arm64	0xeebf4,0xeec20	0,0	0	-	0	0	-
lead-vpdf-xctl	F2I	utils.c:1497	amd64	0x482318,0x482334	0,0	0	-	0	0	-
lead-vpdf-xctl	F2I	utils.c:1497	arm64	0xeec08,0xeec34,0xeec44	0,0,0	0	-	0	0	-
lead-vpdf-xctl	F2I	utils.c:405	amd64	0x48340a,0x483410	0,0	0	-	0	0	-
lead-vpdf-xctl	F2I	utils.c:406	arm64	0xf0024,0xf0040	0,0	0	-	0	0	-
lead-vpdf-xctl	DIV	writejpg.c:218	amd64	0x48a71d	0	0	-	0	0	-
lead-vpdf-xctl	DIV	writejpg.c:218	arm64	0xf7528	0	0	-	0	0	-
lead-vpdf-xctl	DIV	writejpg.c:222	amd64	0x48a756	0	0	-	0	0	-
lead-vpdf-xctl	DIV	writejpg.c:222	arm64	0xf75c4	0	0	-	0	0	-
lead-vpdf-xctl	F2I	writejpg.c:236	amd64	0x48a633	0	0	-	0	0	-
lead-vpdf-xctl	F2I	writejpg.c:236	arm64	0xf7660	0	0	-	0	0	-
lead-vpdf-xctl	F2I	writejpg.c:237	amd64	0x48a637	0	0	-	0	0	-
lead-vpdf-xctl	F2I	writejpg.c:237	arm64	0xf7664	0	0	-	0	0	-
matnan	F2I	mapfile.c:487	amd64	0x47f755,0x47f828	0,0	0	-	0	0	-
matnan	F2I	mapfile.c:487	arm64	0xebfb8,0xec098	0,0	0	-	0	0	-
matnan	DIV	pdftex0.c:1363	amd64	0x41ce12	0	0	-	0	0	-
matnan	DIV	pdftex0.c:1365	arm64	0x7a000	0	0	-	0	0	-
matnan	DIV	pdftex0.c:1370	arm64	0x7a034	0	0	-	0	0	-
matnan	DIV	pdftex0.c:1371	amd64	0x41ce20	0	0	-	0	0	-
matnan	DIV	pdftex0.c:18140	amd64	0x469f26	0	0	-	0	0	-
matnan	DIV	pdftex0.c:18140	arm64	0xd2190	0	0	-	0	0	-
matnan	DIV	pdftex0.c:18511	amd64	0x469263	0	0	-	0	0	-
matnan	DIV	pdftex0.c:18511	arm64	0xd1550	0	0	-	0	0	-
matnan	DIV	pdftex0.c:23709	amd64	0x450430	0	0	-	0	0	-
matnan	DIV	pdftex0.c:23709	arm64	0xb54cc	0	0	-	0	0	-
matnan	DIV	pdftex0.c:24311	amd64	0x46cdc2	0	0	-	0	0	-
matnan	DIV	pdftex0.c:24311	arm64	0xd5c08	0	0	-	0	0	-
matnan	DIV	pdftex0.c:24739	amd64	0x46c3d5	0	0	-	0	0	-
matnan	DIV	pdftex0.c:24739	arm64	0xd4f90	0	0	-	0	0	-
matnan	F2I	utils.c:1496	amd64	0x48230c,0x482328	4,4	8	["3.2768000000000052e+305", -2147483648]	0	0	-
matnan	F2I	utils.c:1496	arm64	0xeebf4,0xeec20	4,4	8	["nan", 0]	0	0	-
matnan	F2I	utils.c:1497	amd64	0x482318,0x482334	4,4	4	["nan", -2147483648]	0	0	-
matnan	F2I	utils.c:1497	arm64	0xeec08,0xeec34,0xeec44	4,0,4	4	["nan", 0]	0	0	-
matnan	F2I	utils.c:405	amd64	0x48340a,0x483410	0,0	0	-	0	0	-
matnan	F2I	utils.c:406	arm64	0xf0024,0xf0040	0,0	0	-	0	0	-
matnan	DIV	writejpg.c:218	amd64	0x48a71d	0	0	-	0	0	-
matnan	DIV	writejpg.c:218	arm64	0xf7528	0	0	-	0	0	-
matnan	DIV	writejpg.c:222	amd64	0x48a756	0	0	-	0	0	-
matnan	DIV	writejpg.c:222	arm64	0xf75c4	0	0	-	0	0	-
matnan	F2I	writejpg.c:236	amd64	0x48a633	0	0	-	0	0	-
matnan	F2I	writejpg.c:236	arm64	0xf7660	0	0	-	0	0	-
matnan	F2I	writejpg.c:237	amd64	0x48a637	0	0	-	0	0	-
matnan	F2I	writejpg.c:237	arm64	0xf7664	0	0	-	0	0	-
nh-intmin	F2I	mapfile.c:487	amd64	0x47f755,0x47f828	1725,89	0	-	1	1	-
nh-intmin	F2I	mapfile.c:487	arm64	0xebfb8,0xec098	89,1725	0	-	1	1	-
nh-intmin	DIV	pdftex0.c:1363	amd64	0x41ce12	6	6	[-2147483648, 1]	1	1	-
nh-intmin	DIV	pdftex0.c:1365	arm64	0x7a000	0	0	-	1	1	-
nh-intmin	DIV	pdftex0.c:1370	arm64	0x7a034	6	6	[-2147483648, 1]	1	1	-
nh-intmin	DIV	pdftex0.c:1371	amd64	0x41ce20	6	6	[-2147483648, 1]	1	1	-
nh-intmin	DIV	pdftex0.c:18140	amd64	0x469f26	0	0	-	1	1	-
nh-intmin	DIV	pdftex0.c:18140	arm64	0xd2190	0	0	-	1	1	-
nh-intmin	DIV	pdftex0.c:18511	amd64	0x469263	0	0	-	1	1	-
nh-intmin	DIV	pdftex0.c:18511	arm64	0xd1550	0	0	-	1	1	-
nh-intmin	DIV	pdftex0.c:23709	amd64	0x450430	0	0	-	1	1	-
nh-intmin	DIV	pdftex0.c:23709	arm64	0xb54cc	0	0	-	1	1	-
nh-intmin	DIV	pdftex0.c:24311	amd64	0x46cdc2	0	0	-	1	1	-
nh-intmin	DIV	pdftex0.c:24311	arm64	0xd5c08	0	0	-	1	1	-
nh-intmin	DIV	pdftex0.c:24739	amd64	0x46c3d5	0	0	-	1	1	-
nh-intmin	DIV	pdftex0.c:24739	arm64	0xd4f90	0	0	-	1	1	-
nh-intmin	F2I	utils.c:1496	amd64	0x48230c,0x482328	0,0	0	-	1	1	-
nh-intmin	F2I	utils.c:1496	arm64	0xeebf4,0xeec20	0,0	0	-	1	1	-
nh-intmin	F2I	utils.c:1497	amd64	0x482318,0x482334	0,0	0	-	1	1	-
nh-intmin	F2I	utils.c:1497	arm64	0xeec08,0xeec34,0xeec44	0,0,0	0	-	1	1	-
nh-intmin	F2I	utils.c:405	amd64	0x48340a,0x483410	0,0	0	-	1	1	-
nh-intmin	F2I	utils.c:406	arm64	0xf0024,0xf0040	0,0	0	-	1	1	-
nh-intmin	DIV	writejpg.c:218	amd64	0x48a71d	0	0	-	1	1	-
nh-intmin	DIV	writejpg.c:218	arm64	0xf7528	0	0	-	1	1	-
nh-intmin	DIV	writejpg.c:222	amd64	0x48a756	0	0	-	1	1	-
nh-intmin	DIV	writejpg.c:222	arm64	0xf75c4	0	0	-	1	1	-
nh-intmin	F2I	writejpg.c:236	amd64	0x48a633	0	0	-	1	1	-
nh-intmin	F2I	writejpg.c:236	arm64	0xf7660	0	0	-	1	1	-
nh-intmin	F2I	writejpg.c:237	amd64	0x48a637	0	0	-	1	1	-
nh-intmin	F2I	writejpg.c:237	arm64	0xf7664	0	0	-	1	1	-
nh-strings	F2I	mapfile.c:487	amd64	0x47f755,0x47f828	0,0	0	-	0	0	-
nh-strings	F2I	mapfile.c:487	arm64	0xebfb8,0xec098	0,0	0	-	0	0	-
nh-strings	DIV	pdftex0.c:1363	amd64	0x41ce12	0	0	-	0	0	-
nh-strings	DIV	pdftex0.c:1365	arm64	0x7a000	0	0	-	0	0	-
nh-strings	DIV	pdftex0.c:1370	arm64	0x7a034	0	0	-	0	0	-
nh-strings	DIV	pdftex0.c:1371	amd64	0x41ce20	0	0	-	0	0	-
nh-strings	DIV	pdftex0.c:18140	amd64	0x469f26	0	0	-	0	0	-
nh-strings	DIV	pdftex0.c:18140	arm64	0xd2190	0	0	-	0	0	-
nh-strings	DIV	pdftex0.c:18511	amd64	0x469263	0	0	-	0	0	-
nh-strings	DIV	pdftex0.c:18511	arm64	0xd1550	0	0	-	0	0	-
nh-strings	DIV	pdftex0.c:23709	amd64	0x450430	0	0	-	0	0	-
nh-strings	DIV	pdftex0.c:23709	arm64	0xb54cc	0	0	-	0	0	-
nh-strings	DIV	pdftex0.c:24311	amd64	0x46cdc2	0	0	-	0	0	-
nh-strings	DIV	pdftex0.c:24311	arm64	0xd5c08	0	0	-	0	0	-
nh-strings	DIV	pdftex0.c:24739	amd64	0x46c3d5	0	0	-	0	0	-
nh-strings	DIV	pdftex0.c:24739	arm64	0xd4f90	0	0	-	0	0	-
nh-strings	F2I	utils.c:1496	amd64	0x48230c,0x482328	0,0	0	-	0	0	-
nh-strings	F2I	utils.c:1496	arm64	0xeebf4,0xeec20	0,0	0	-	0	0	-
nh-strings	F2I	utils.c:1497	amd64	0x482318,0x482334	0,0	0	-	0	0	-
nh-strings	F2I	utils.c:1497	arm64	0xeec08,0xeec34,0xeec44	0,0,0	0	-	0	0	-
nh-strings	F2I	utils.c:405	amd64	0x48340a,0x483410	0,0	0	-	0	0	-
nh-strings	F2I	utils.c:406	arm64	0xf0024,0xf0040	0,0	0	-	0	0	-
nh-strings	DIV	writejpg.c:218	amd64	0x48a71d	0	0	-	0	0	-
nh-strings	DIV	writejpg.c:218	arm64	0xf7528	0	0	-	0	0	-
nh-strings	DIV	writejpg.c:222	amd64	0x48a756	0	0	-	0	0	-
nh-strings	DIV	writejpg.c:222	arm64	0xf75c4	0	0	-	0	0	-
nh-strings	F2I	writejpg.c:236	amd64	0x48a633	0	0	-	0	0	-
nh-strings	F2I	writejpg.c:236	arm64	0xf7660	0	0	-	0	0	-
nh-strings	F2I	writejpg.c:237	amd64	0x48a637	0	0	-	0	0	-
nh-strings	F2I	writejpg.c:237	arm64	0xf7664	0	0	-	0	0	-
pdfboxinf	F2I	mapfile.c:487	amd64	0x47f755,0x47f828	0,0	0	-	0	0	-
pdfboxinf	F2I	mapfile.c:487	arm64	0xebfb8,0xec098	0,0	0	-	0	0	-
pdfboxinf	DIV	pdftex0.c:1363	amd64	0x41ce12	0	0	-	0	0	-
pdfboxinf	DIV	pdftex0.c:1365	arm64	0x7a000	0	0	-	0	0	-
pdfboxinf	DIV	pdftex0.c:1370	arm64	0x7a034	0	0	-	0	0	-
pdfboxinf	DIV	pdftex0.c:1371	amd64	0x41ce20	0	0	-	0	0	-
pdfboxinf	DIV	pdftex0.c:18140	amd64	0x469f26	0	0	-	0	0	-
pdfboxinf	DIV	pdftex0.c:18140	arm64	0xd2190	0	0	-	0	0	-
pdfboxinf	DIV	pdftex0.c:18511	amd64	0x469263	0	0	-	0	0	-
pdfboxinf	DIV	pdftex0.c:18511	arm64	0xd1550	0	0	-	0	0	-
pdfboxinf	DIV	pdftex0.c:23709	amd64	0x450430	0	0	-	0	0	-
pdfboxinf	DIV	pdftex0.c:23709	arm64	0xb54cc	0	0	-	0	0	-
pdfboxinf	DIV	pdftex0.c:24311	amd64	0x46cdc2	0	0	-	0	0	-
pdfboxinf	DIV	pdftex0.c:24311	arm64	0xd5c08	0	0	-	0	0	-
pdfboxinf	DIV	pdftex0.c:24739	amd64	0x46c3d5	0	0	-	0	0	-
pdfboxinf	DIV	pdftex0.c:24739	arm64	0xd4f90	0	0	-	0	0	-
pdfboxinf	F2I	utils.c:1496	amd64	0x48230c,0x482328	0,0	0	-	0	0	-
pdfboxinf	F2I	utils.c:1496	arm64	0xeebf4,0xeec20	0,0	0	-	0	0	-
pdfboxinf	F2I	utils.c:1497	amd64	0x482318,0x482334	0,0	0	-	0	0	-
pdfboxinf	F2I	utils.c:1497	arm64	0xeec08,0xeec34,0xeec44	0,0,0	0	-	0	0	-
pdfboxinf	F2I	utils.c:405	amd64	0x48340a,0x483410	0,4	0	-	0	0	-
pdfboxinf	F2I	utils.c:406	arm64	0xf0024,0xf0040	4,0	0	-	0	0	-
pdfboxinf	DIV	writejpg.c:218	amd64	0x48a71d	0	0	-	0	0	-
pdfboxinf	DIV	writejpg.c:218	arm64	0xf7528	0	0	-	0	0	-
pdfboxinf	DIV	writejpg.c:222	amd64	0x48a756	0	0	-	0	0	-
pdfboxinf	DIV	writejpg.c:222	arm64	0xf75c4	0	0	-	0	0	-
pdfboxinf	F2I	writejpg.c:236	amd64	0x48a633	0	0	-	0	0	-
pdfboxinf	F2I	writejpg.c:236	arm64	0xf7660	0	0	-	0	0	-
pdfboxinf	F2I	writejpg.c:237	amd64	0x48a637	0	0	-	0	0	-
pdfboxinf	F2I	writejpg.c:237	arm64	0xf7664	0	0	-	0	0	-
pdfboxnan	F2I	mapfile.c:487	amd64	0x47f755,0x47f828	0,0	0	-	1	1	-
pdfboxnan	F2I	mapfile.c:487	arm64	0xebfb8,0xec098	0,0	0	-	1	1	-
pdfboxnan	DIV	pdftex0.c:1363	amd64	0x41ce12	0	0	-	1	1	-
pdfboxnan	DIV	pdftex0.c:1365	arm64	0x7a000	0	0	-	1	1	-
pdfboxnan	DIV	pdftex0.c:1370	arm64	0x7a034	0	0	-	1	1	-
pdfboxnan	DIV	pdftex0.c:1371	amd64	0x41ce20	0	0	-	1	1	-
pdfboxnan	DIV	pdftex0.c:18140	amd64	0x469f26	0	0	-	1	1	-
pdfboxnan	DIV	pdftex0.c:18140	arm64	0xd2190	0	0	-	1	1	-
pdfboxnan	DIV	pdftex0.c:18511	amd64	0x469263	0	0	-	1	1	-
pdfboxnan	DIV	pdftex0.c:18511	arm64	0xd1550	0	0	-	1	1	-
pdfboxnan	DIV	pdftex0.c:23709	amd64	0x450430	0	0	-	1	1	-
pdfboxnan	DIV	pdftex0.c:23709	arm64	0xb54cc	0	0	-	1	1	-
pdfboxnan	DIV	pdftex0.c:24311	amd64	0x46cdc2	0	0	-	1	1	-
pdfboxnan	DIV	pdftex0.c:24311	arm64	0xd5c08	0	0	-	1	1	-
pdfboxnan	DIV	pdftex0.c:24739	amd64	0x46c3d5	0	0	-	1	1	-
pdfboxnan	DIV	pdftex0.c:24739	arm64	0xd4f90	0	0	-	1	1	-
pdfboxnan	F2I	utils.c:1496	amd64	0x48230c,0x482328	0,0	0	-	1	1	-
pdfboxnan	F2I	utils.c:1496	arm64	0xeebf4,0xeec20	0,0	0	-	1	1	-
pdfboxnan	F2I	utils.c:1497	amd64	0x482318,0x482334	0,0	0	-	1	1	-
pdfboxnan	F2I	utils.c:1497	arm64	0xeec08,0xeec34,0xeec44	0,0,0	0	-	1	1	-
pdfboxnan	F2I	utils.c:405	amd64	0x48340a,0x483410	0,0	0	-	1	1	-
pdfboxnan	F2I	utils.c:406	arm64	0xf0024,0xf0040	0,0	0	-	1	1	-
pdfboxnan	DIV	writejpg.c:218	amd64	0x48a71d	0	0	-	1	1	-
pdfboxnan	DIV	writejpg.c:218	arm64	0xf7528	0	0	-	1	1	-
pdfboxnan	DIV	writejpg.c:222	amd64	0x48a756	0	0	-	1	1	-
pdfboxnan	DIV	writejpg.c:222	arm64	0xf75c4	0	0	-	1	1	-
pdfboxnan	F2I	writejpg.c:236	amd64	0x48a633	0	0	-	1	1	-
pdfboxnan	F2I	writejpg.c:236	arm64	0xf7660	0	0	-	1	1	-
pdfboxnan	F2I	writejpg.c:237	amd64	0x48a637	0	0	-	1	1	-
pdfboxnan	F2I	writejpg.c:237	arm64	0xf7664	0	0	-	1	1	-
slantctl	F2I	mapfile.c:487	amd64	0x47f755,0x47f828	1726,89	0	-	0	0	-
slantctl	F2I	mapfile.c:487	arm64	0xebfb8,0xec098	89,1726	0	-	0	0	-
slantctl	DIV	pdftex0.c:1363	amd64	0x41ce12	0	0	-	0	0	-
slantctl	DIV	pdftex0.c:1365	arm64	0x7a000	0	0	-	0	0	-
slantctl	DIV	pdftex0.c:1370	arm64	0x7a034	0	0	-	0	0	-
slantctl	DIV	pdftex0.c:1371	amd64	0x41ce20	0	0	-	0	0	-
slantctl	DIV	pdftex0.c:18140	amd64	0x469f26	0	0	-	0	0	-
slantctl	DIV	pdftex0.c:18140	arm64	0xd2190	0	0	-	0	0	-
slantctl	DIV	pdftex0.c:18511	amd64	0x469263	0	0	-	0	0	-
slantctl	DIV	pdftex0.c:18511	arm64	0xd1550	0	0	-	0	0	-
slantctl	DIV	pdftex0.c:23709	amd64	0x450430	0	0	-	0	0	-
slantctl	DIV	pdftex0.c:23709	arm64	0xb54cc	0	0	-	0	0	-
slantctl	DIV	pdftex0.c:24311	amd64	0x46cdc2	0	0	-	0	0	-
slantctl	DIV	pdftex0.c:24311	arm64	0xd5c08	0	0	-	0	0	-
slantctl	DIV	pdftex0.c:24739	amd64	0x46c3d5	0	0	-	0	0	-
slantctl	DIV	pdftex0.c:24739	arm64	0xd4f90	0	0	-	0	0	-
slantctl	F2I	utils.c:1496	amd64	0x48230c,0x482328	0,0	0	-	0	0	-
slantctl	F2I	utils.c:1496	arm64	0xeebf4,0xeec20	0,0	0	-	0	0	-
slantctl	F2I	utils.c:1497	amd64	0x482318,0x482334	0,0	0	-	0	0	-
slantctl	F2I	utils.c:1497	arm64	0xeec08,0xeec34,0xeec44	0,0,0	0	-	0	0	-
slantctl	F2I	utils.c:405	amd64	0x48340a,0x483410	0,0	0	-	0	0	-
slantctl	F2I	utils.c:406	arm64	0xf0024,0xf0040	0,0	0	-	0	0	-
slantctl	DIV	writejpg.c:218	amd64	0x48a71d	0	0	-	0	0	-
slantctl	DIV	writejpg.c:218	arm64	0xf7528	0	0	-	0	0	-
slantctl	DIV	writejpg.c:222	amd64	0x48a756	0	0	-	0	0	-
slantctl	DIV	writejpg.c:222	arm64	0xf75c4	0	0	-	0	0	-
slantctl	F2I	writejpg.c:236	amd64	0x48a633	0	0	-	0	0	-
slantctl	F2I	writejpg.c:236	arm64	0xf7660	0	0	-	0	0	-
slantctl	F2I	writejpg.c:237	amd64	0x48a637	0	0	-	0	0	-
slantctl	F2I	writejpg.c:237	arm64	0xf7664	0	0	-	0	0	-
slanthuge	F2I	mapfile.c:487	amd64	0x47f755,0x47f828	1726,89	1	["9.999999944957273e+32", -2147483648]	0	0	-
slanthuge	F2I	mapfile.c:487	arm64	0xebfb8,0xec098	89,1726	1	["9.999999944957273e+32", 2147483647]	0	0	-
slanthuge	DIV	pdftex0.c:1363	amd64	0x41ce12	0	0	-	0	0	-
slanthuge	DIV	pdftex0.c:1365	arm64	0x7a000	0	0	-	0	0	-
slanthuge	DIV	pdftex0.c:1370	arm64	0x7a034	0	0	-	0	0	-
slanthuge	DIV	pdftex0.c:1371	amd64	0x41ce20	0	0	-	0	0	-
slanthuge	DIV	pdftex0.c:18140	amd64	0x469f26	0	0	-	0	0	-
slanthuge	DIV	pdftex0.c:18140	arm64	0xd2190	0	0	-	0	0	-
slanthuge	DIV	pdftex0.c:18511	amd64	0x469263	0	0	-	0	0	-
slanthuge	DIV	pdftex0.c:18511	arm64	0xd1550	0	0	-	0	0	-
slanthuge	DIV	pdftex0.c:23709	amd64	0x450430	0	0	-	0	0	-
slanthuge	DIV	pdftex0.c:23709	arm64	0xb54cc	0	0	-	0	0	-
slanthuge	DIV	pdftex0.c:24311	amd64	0x46cdc2	0	0	-	0	0	-
slanthuge	DIV	pdftex0.c:24311	arm64	0xd5c08	0	0	-	0	0	-
slanthuge	DIV	pdftex0.c:24739	amd64	0x46c3d5	0	0	-	0	0	-
slanthuge	DIV	pdftex0.c:24739	arm64	0xd4f90	0	0	-	0	0	-
slanthuge	F2I	utils.c:1496	amd64	0x48230c,0x482328	0,0	0	-	0	0	-
slanthuge	F2I	utils.c:1496	arm64	0xeebf4,0xeec20	0,0	0	-	0	0	-
slanthuge	F2I	utils.c:1497	amd64	0x482318,0x482334	0,0	0	-	0	0	-
slanthuge	F2I	utils.c:1497	arm64	0xeec08,0xeec34,0xeec44	0,0,0	0	-	0	0	-
slanthuge	F2I	utils.c:405	amd64	0x48340a,0x483410	0,0	0	-	0	0	-
slanthuge	F2I	utils.c:406	arm64	0xf0024,0xf0040	0,0	0	-	0	0	-
slanthuge	DIV	writejpg.c:218	amd64	0x48a71d	0	0	-	0	0	-
slanthuge	DIV	writejpg.c:218	arm64	0xf7528	0	0	-	0	0	-
slanthuge	DIV	writejpg.c:222	amd64	0x48a756	0	0	-	0	0	-
slanthuge	DIV	writejpg.c:222	arm64	0xf75c4	0	0	-	0	0	-
slanthuge	F2I	writejpg.c:236	amd64	0x48a633	0	0	-	0	0	-
slanthuge	F2I	writejpg.c:236	arm64	0xf7660	0	0	-	0	0	-
slanthuge	F2I	writejpg.c:237	amd64	0x48a637	0	0	-	0	0	-
slanthuge	F2I	writejpg.c:237	arm64	0xf7664	0	0	-	0	0	-
slantnan	F2I	mapfile.c:487	amd64	0x47f755,0x47f828	1725,90	1	["nan", -2147483648]	0	0	-
slantnan	F2I	mapfile.c:487	arm64	0xebfb8,0xec098	90,1725	1	["nan", 0]	0	0	-
slantnan	DIV	pdftex0.c:1363	amd64	0x41ce12	0	0	-	0	0	-
slantnan	DIV	pdftex0.c:1365	arm64	0x7a000	0	0	-	0	0	-
slantnan	DIV	pdftex0.c:1370	arm64	0x7a034	0	0	-	0	0	-
slantnan	DIV	pdftex0.c:1371	amd64	0x41ce20	0	0	-	0	0	-
slantnan	DIV	pdftex0.c:18140	amd64	0x469f26	0	0	-	0	0	-
slantnan	DIV	pdftex0.c:18140	arm64	0xd2190	0	0	-	0	0	-
slantnan	DIV	pdftex0.c:18511	amd64	0x469263	0	0	-	0	0	-
slantnan	DIV	pdftex0.c:18511	arm64	0xd1550	0	0	-	0	0	-
slantnan	DIV	pdftex0.c:23709	amd64	0x450430	0	0	-	0	0	-
slantnan	DIV	pdftex0.c:23709	arm64	0xb54cc	0	0	-	0	0	-
slantnan	DIV	pdftex0.c:24311	amd64	0x46cdc2	0	0	-	0	0	-
slantnan	DIV	pdftex0.c:24311	arm64	0xd5c08	0	0	-	0	0	-
slantnan	DIV	pdftex0.c:24739	amd64	0x46c3d5	0	0	-	0	0	-
slantnan	DIV	pdftex0.c:24739	arm64	0xd4f90	0	0	-	0	0	-
slantnan	F2I	utils.c:1496	amd64	0x48230c,0x482328	0,0	0	-	0	0	-
slantnan	F2I	utils.c:1496	arm64	0xeebf4,0xeec20	0,0	0	-	0	0	-
slantnan	F2I	utils.c:1497	amd64	0x482318,0x482334	0,0	0	-	0	0	-
slantnan	F2I	utils.c:1497	arm64	0xeec08,0xeec34,0xeec44	0,0,0	0	-	0	0	-
slantnan	F2I	utils.c:405	amd64	0x48340a,0x483410	0,0	0	-	0	0	-
slantnan	F2I	utils.c:406	arm64	0xf0024,0xf0040	0,0	0	-	0	0	-
slantnan	DIV	writejpg.c:218	amd64	0x48a71d	0	0	-	0	0	-
slantnan	DIV	writejpg.c:218	arm64	0xf7528	0	0	-	0	0	-
slantnan	DIV	writejpg.c:222	amd64	0x48a756	0	0	-	0	0	-
slantnan	DIV	writejpg.c:222	arm64	0xf75c4	0	0	-	0	0	-
slantnan	F2I	writejpg.c:236	amd64	0x48a633	0	0	-	0	0	-
slantnan	F2I	writejpg.c:236	arm64	0xf7660	0	0	-	0	0	-
slantnan	F2I	writejpg.c:237	amd64	0x48a637	0	0	-	0	0	-
slantnan	F2I	writejpg.c:237	arm64	0xf7664	0	0	-	0	0	-
snapy0	F2I	mapfile.c:487	amd64	0x47f755,0x47f828	1725,89	0	-	136	136	-
snapy0	F2I	mapfile.c:487	arm64	0xebfb8,0xec098	89,1725	0	-	0	0	-
snapy0	DIV	pdftex0.c:1363	amd64	0x41ce12	0	0	-	136	136	-
snapy0	DIV	pdftex0.c:1365	arm64	0x7a000	0	0	-	0	0	-
snapy0	DIV	pdftex0.c:1370	arm64	0x7a034	0	0	-	0	0	-
snapy0	DIV	pdftex0.c:1371	amd64	0x41ce20	0	0	-	136	136	-
snapy0	DIV	pdftex0.c:18140	amd64	0x469f26	0	0	-	136	136	-
snapy0	DIV	pdftex0.c:18140	arm64	0xd2190	0	0	-	0	0	-
snapy0	DIV	pdftex0.c:18511	amd64	0x469263	0	0	-	136	136	-
snapy0	DIV	pdftex0.c:18511	arm64	0xd1550	0	0	-	0	0	-
snapy0	DIV	pdftex0.c:23709	amd64	0x450430	1	1	[5018454, 0]	136	136	pdftex0.c:23709
snapy0	DIV	pdftex0.c:23709	arm64	0xb54cc	1	1	[5018454, 0]	0	0	-
snapy0	DIV	pdftex0.c:24311	amd64	0x46cdc2	0	0	-	136	136	-
snapy0	DIV	pdftex0.c:24311	arm64	0xd5c08	0	0	-	0	0	-
snapy0	DIV	pdftex0.c:24739	amd64	0x46c3d5	0	0	-	136	136	-
snapy0	DIV	pdftex0.c:24739	arm64	0xd4f90	0	0	-	0	0	-
snapy0	F2I	utils.c:1496	amd64	0x48230c,0x482328	0,0	0	-	136	136	-
snapy0	F2I	utils.c:1496	arm64	0xeebf4,0xeec20	0,0	0	-	0	0	-
snapy0	F2I	utils.c:1497	amd64	0x482318,0x482334	0,0	0	-	136	136	-
snapy0	F2I	utils.c:1497	arm64	0xeec08,0xeec34,0xeec44	0,0,0	0	-	0	0	-
snapy0	F2I	utils.c:405	amd64	0x48340a,0x483410	0,0	0	-	136	136	-
snapy0	F2I	utils.c:406	arm64	0xf0024,0xf0040	0,0	0	-	0	0	-
snapy0	DIV	writejpg.c:218	amd64	0x48a71d	0	0	-	136	136	-
snapy0	DIV	writejpg.c:218	arm64	0xf7528	0	0	-	0	0	-
snapy0	DIV	writejpg.c:222	amd64	0x48a756	0	0	-	136	136	-
snapy0	DIV	writejpg.c:222	arm64	0xf75c4	0	0	-	0	0	-
snapy0	F2I	writejpg.c:236	amd64	0x48a633	0	0	-	136	136	-
snapy0	F2I	writejpg.c:236	arm64	0xf7660	0	0	-	0	0	-
snapy0	F2I	writejpg.c:237	amd64	0x48a637	0	0	-	136	136	-
snapy0	F2I	writejpg.c:237	arm64	0xf7664	0	0	-	0	0	-
snapy1	F2I	mapfile.c:487	amd64	0x47f755,0x47f828	1725,89	0	-	0	0	-
snapy1	F2I	mapfile.c:487	arm64	0xebfb8,0xec098	89,1725	0	-	0	0	-
snapy1	DIV	pdftex0.c:1363	amd64	0x41ce12	0	0	-	0	0	-
snapy1	DIV	pdftex0.c:1365	arm64	0x7a000	0	0	-	0	0	-
snapy1	DIV	pdftex0.c:1370	arm64	0x7a034	0	0	-	0	0	-
snapy1	DIV	pdftex0.c:1371	amd64	0x41ce20	0	0	-	0	0	-
snapy1	DIV	pdftex0.c:18140	amd64	0x469f26	0	0	-	0	0	-
snapy1	DIV	pdftex0.c:18140	arm64	0xd2190	0	0	-	0	0	-
snapy1	DIV	pdftex0.c:18511	amd64	0x469263	0	0	-	0	0	-
snapy1	DIV	pdftex0.c:18511	arm64	0xd1550	0	0	-	0	0	-
snapy1	DIV	pdftex0.c:23709	amd64	0x450430	1	0	-	0	0	-
snapy1	DIV	pdftex0.c:23709	arm64	0xb54cc	1	0	-	0	0	-
snapy1	DIV	pdftex0.c:24311	amd64	0x46cdc2	0	0	-	0	0	-
snapy1	DIV	pdftex0.c:24311	arm64	0xd5c08	0	0	-	0	0	-
snapy1	DIV	pdftex0.c:24739	amd64	0x46c3d5	0	0	-	0	0	-
snapy1	DIV	pdftex0.c:24739	arm64	0xd4f90	0	0	-	0	0	-
snapy1	F2I	utils.c:1496	amd64	0x48230c,0x482328	0,0	0	-	0	0	-
snapy1	F2I	utils.c:1496	arm64	0xeebf4,0xeec20	0,0	0	-	0	0	-
snapy1	F2I	utils.c:1497	amd64	0x482318,0x482334	0,0	0	-	0	0	-
snapy1	F2I	utils.c:1497	arm64	0xeec08,0xeec34,0xeec44	0,0,0	0	-	0	0	-
snapy1	F2I	utils.c:405	amd64	0x48340a,0x483410	0,0	0	-	0	0	-
snapy1	F2I	utils.c:406	arm64	0xf0024,0xf0040	0,0	0	-	0	0	-
snapy1	DIV	writejpg.c:218	amd64	0x48a71d	0	0	-	0	0	-
snapy1	DIV	writejpg.c:218	arm64	0xf7528	0	0	-	0	0	-
snapy1	DIV	writejpg.c:222	amd64	0x48a756	0	0	-	0	0	-
snapy1	DIV	writejpg.c:222	arm64	0xf75c4	0	0	-	0	0	-
snapy1	F2I	writejpg.c:236	amd64	0x48a633	0	0	-	0	0	-
snapy1	F2I	writejpg.c:236	arm64	0xf7660	0	0	-	0	0	-
snapy1	F2I	writejpg.c:237	amd64	0x48a637	0	0	-	0	0	-
snapy1	F2I	writejpg.c:237	arm64	0xf7664	0	0	-	0	0	-
