elapsed_s	cgroup_current_bytes	cgroup_peak_bytes	ps_vmrss_kb	ps_vmhwm_kb
0				
5	570896384	570896384	565732	565828
10	856219648	856219648	843488	843584
15	1027923968	1027923968	1011040	1011168
20	1201987584	1201987584	1180544	1180608
25	1381556224	1381556224	1355600	1355696
30	1571610624	1571610624	1541012	1541108
35	1741479936	1741742080	1706648	1706712
40	2084708352	2084970496	2041972	2042132
45	2553421824	2553421824	2497988	2498052
50	2815303680	2815565824	2754156	2754348
55	3106545664	3106545664	3037176	3037240
60	3253084160	3253084160	3179992	3180056
65	3385991168	3385991168	3309432	3309496
70	3529908224	3529908224	3449688	3449720
75	3669893120	3669893120	3586296	3586328
80	3808305152	3808567296	3721016	3721016
85	3946979328	3946979328	3856024	3856056
90	4076740608	4076740608	3982456	3982520
95	4209647616	4209647616	4111960	4112024
101	4341243904	4341243904	4240344	4240440
106	4437975040	4437975040	4334616	4334680
111	4516618240	4516618240	4411320	4411352
116	4650573824	4650573824	4541784	4541816
121	4783480832	4783480832	4671288	4671384
126	4910882816	4910882816	4795576	4795608
131	5044576256	5044576256	4925784	4925944
136	5177221120	5177221120	5055128	5055160
141	5310128128	5310128128	5184536	5184632
146	5439889408	5439889408	5311192	5311256
151	5570174976	5570174976	5438232	5438296
156	5703081984	5703081984	5567800	5567832
161	5837561856	5837561856	5698616	5698616
166	5974663168	5974663168	5832216	5832280
171	6108880896	6108880896	5963192	5963256
176	6241525760	6241525760	6092312	6092344
181	6328033280	6328295424	6176824	6176888
186	6453600256	6453600256	6298904	6298936
191	6579953664	6579953664	6422424	6422456
196	6720200704	6720200704	6558968	6559000
201	6858350592	6858350592	6693624	6693688
206	6991732736	6991994880	6823896	6823928
211	7119396864	7119396864	6947928	6947928
216	7240769536	7240769536	7066392	7066424
221	7360045056	7360045056	7182520	7182520
226	7473815552	7473815552	7293560	7293656
231	7588110336	7588110336	7404952	7404984
236	7709745152	7709745152	7523480	7523544
241	7832358912	7832358912	7642808	7642936
246	7963955200	7964217344	7771484	7771512
251	8097648640	8097648640	7901432	7901464
256	8232652800	8232652800	8033048	8033048
261	8364249088	8364511232	8161400	8161400
266	8495058944	8495058944	8288760	8288792
271	8633995264	8633995264	8424248	8424312
276	8775290880	8775290880	8562008	8562072
281	8913178624	8913178624	8696408	8696472
286	9050279936	9050279936	8829976	8830072
291	9181876224	9181876224	8958072	8958136
296	9317666816	9317666816	9090584	9090584
