zpdfsetrule	/work/repo/Work/texk/web2c/pdftex0.c:20255	afb04:	fmadd	d0, d2, d1, d0
zpdfsetrule	/work/repo/Work/texk/web2c/pdftex0.c:20230	afdb0:	fmsub	d0, d2, d1, d0
makeaccent	/work/repo/Work/texk/web2c/pdftex0.c:34419	cd4c4:	fmadd	d1, d4, d3, d1
makeaccent	/work/repo/Work/texk/web2c/pdftex0.c:34419	cd4cc:	fmsub	d0, d2, d0, d1
hlistout	/work/repo/Work/texk/web2c/pdftex0.c:17915	d2e48:	fmadd	d0, d4, d3, d0
hlistout	/work/repo/Work/texk/web2c/pdftex0.c:17915	d2e54:	fmsub	d0, d1, d2, d0
pdfhlistout	/work/repo/Work/texk/web2c/pdftex0.c:24020	d6984:	fmadd	d0, d4, d3, d0
pdfhlistout	/work/repo/Work/texk/web2c/pdftex0.c:24020	d6990:	fmsub	d0, d1, d2, d0
do_matrixtransform	/work/repo/Work/texk/web2c/../../../texk/web2c/pdftexdir/utils.c:1494	eebc8:	fmadd	d2, d6, d3, d2
do_matrixtransform	/work/repo/Work/texk/web2c/../../../texk/web2c/pdftexdir/utils.c:1495	eebd0:	fmadd	d0, d5, d3, d0
pdfsetmatrix	/work/repo/Work/texk/web2c/../../../texk/web2c/pdftexdir/utils.c:1420	f17d8:	fnmsub	d5, d3, d17, d5
pdfsetmatrix	/work/repo/Work/texk/web2c/../../../texk/web2c/pdftexdir/utils.c:1421	f17dc:	fnmsub	d1, d2, d1, d4
pdfsetmatrix	/work/repo/Work/texk/web2c/../../../texk/web2c/pdftexdir/utils.c:1426	f1824:	fmadd	d16, d5, d16, d4
pdfsetmatrix	/work/repo/Work/texk/web2c/../../../texk/web2c/pdftexdir/utils.c:1428	f1840:	fmadd	d3, d7, d6, d3
pdfsetmatrix	/work/repo/Work/texk/web2c/../../../texk/web2c/pdftexdir/utils.c:1427	f1844:	fmadd	d0, d16, d18, d0
pdfsetmatrix	/work/repo/Work/texk/web2c/../../../texk/web2c/pdftexdir/utils.c:1430	f1860:	fmadd	d0, d6, d17, d0
pdfsetmatrix	/work/repo/Work/texk/web2c/../../../texk/web2c/pdftexdir/utils.c:1429	f1864:	fmadd	d2, d7, d3, d2
pdfsetmatrix	/work/repo/Work/texk/web2c/../../../texk/web2c/pdftexdir/utils.c:1431	f1880:	fmadd	d1, d3, d0, d1
read_jbig2_info	/work/repo/Work/texk/web2c/../../../texk/web2c/pdftexdir/writejbig2.c:798	f643c:	fmadd	d1, d1, d2, d0
read_jbig2_info	/work/repo/Work/texk/web2c/../../../texk/web2c/pdftexdir/writejbig2.c:799	f6440:	fmadd	d0, d3, d2, d0
t1_scan_param	/work/repo/Work/texk/web2c/../../../texk/web2c/pdftexdir/writet1.c:621	fc628:	fmadd	d0, d6, d3, d0
t1_scan_param	/work/repo/Work/texk/web2c/../../../texk/web2c/pdftexdir/writet1.c:621	fc634:	fmadd	d1, d3, d4, d1
t1_scan_param	/work/repo/Work/texk/web2c/../../../texk/web2c/pdftexdir/writet1.c:621	fc638:	fmadd	d2, d3, d5, d2
t1_scan_param	/work/repo/Work/texk/web2c/../../../texk/web2c/pdftexdir/writet1.c:655	fc7f4:	fmsub	d8, d0, d1, d8
ttf_read_post	/work/repo/Work/texk/web2c/../../../texk/web2c/pdftexdir/writettf.c:485	101fe4:	fmadd	d0, d0, d2, d1
read_pdf_info	None	108b78:	fmadd	d1, d3, d0, d1
png_build_16bit_table	/work/repo/Work/libs/libpng/../../../libs/libpng/libpng-src/png.c:3426	10b3f0:	fmadd	d0, d0, d9, d11
png_build_8bit_table	/work/repo/Work/libs/libpng/../../../libs/libpng/libpng-src/png.c:3302	10bab0:	fmadd	d0, d0, d10, d8
png_fixed	/work/repo/Work/libs/libpng/../../../libs/libpng/libpng-src/png.c:2728	10d9e4:	fmadd	d0, d0, d3, d1
png_fixed_ITU	/work/repo/Work/libs/libpng/../../../libs/libpng/libpng-src/png.c:2747	10da34:	fmadd	d0, d0, d3, d1
png_XYZ_from_xy	/work/repo/Work/libs/libpng/../../../libs/libpng/libpng-src/png.c:2787	10dfd8:	fmadd	d0, d2, d4, d0
png_XYZ_from_xy	/work/repo/Work/libs/libpng/../../../libs/libpng/libpng-src/png.c:2787	10e048:	fmadd	d0, d2, d3, d0
png_gamma_8bit_correct	/work/repo/Work/libs/libpng/../../../libs/libpng/libpng-src/png.c:3302	10e5dc:	fmadd	d1, d0, d8, d1
png_gamma_16bit_correct	/work/repo/Work/libs/libpng/../../../libs/libpng/libpng-src/png.c:3331	10e644:	fmadd	d1, d0, d8, d1
png_gamma_correct	/work/repo/Work/libs/libpng/../../../libs/libpng/libpng-src/png.c:3302	10e6d8:	fmadd	d1, d0, d8, d1
png_gamma_correct	/work/repo/Work/libs/libpng/../../../libs/libpng/libpng-src/png.c:3331	10e720:	fmadd	d1, d0, d8, d1
png_build_gamma_table	/work/repo/Work/libs/libpng/../../../libs/libpng/libpng-src/png.c:3331	10ec08:	fmadd	d0, d0, d8, d10
png_get_pHYs_dpi	/work/repo/Work/libs/libpng/../../../libs/libpng/libpng-src/pngget.c:464	1101cc:	fmadd	d0, d2, d1, d0
png_get_pHYs_dpi	/work/repo/Work/libs/libpng/../../../libs/libpng/libpng-src/pngget.c:465	1101f4:	fmadd	d0, d2, d1, d0
_ZN7GString12formatDoubleEdPciiiPPKcPi	None	136938:	fmadd	d1, d8, d0, d4
_ZN7GString12formatDoubleEdPciiiPPKcPi	None	136980:	fmsub	d2, d1, d5, d2
_ZN7GString12formatDoubleEdPciiiPPKcPi	None	136a04:	fmsub	d2, d1, d0, d2
_ZN10FoFiType1C13getFontMatrixEPd	None	16fa24:	fmadd	d0, d2, d0, d1
_ZN10FoFiType1C13getFontMatrixEPd	None	16fa3c:	fmadd	d0, d2, d1, d0
_ZN10FoFiType1C13getFontMatrixEPd	None	16fa54:	fmadd	d0, d2, d1, d0
_ZN10FoFiType1C13getFontMatrixEPd	None	16fa6c:	fmadd	d0, d2, d1, d0
_ZN10FoFiType1C13getFontMatrixEPd	None	16fa84:	fmadd	d0, d2, d1, d0
_ZN10FoFiType1C13getFontMatrixEPd	None	16fa9c:	fmadd	d0, d2, d1, d0
_ZN13AcroFormField8setColorEP5ArrayiiP7GString	None	17ab24:	fmadd	d0, d0, d1, d1
_ZN13AcroFormField10drawCircleEdddPKcP7GString	None	17af78:	fmadd	d15, d8, d11, d10
_ZN13AcroFormField10drawCircleEdddPKcP7GString	None	17af80:	fmadd	d1, d8, d11, d9
_ZN13AcroFormField10drawCircleEdddPKcP7GString	None	17afb0:	fmsub	d0, d8, d11, d10
_ZN13AcroFormField10drawCircleEdddPKcP7GString	None	17afdc:	fmsub	d11, d8, d11, d9
_ZN13AcroFormField17drawCircleTopLeftEdddP7GString	None	17b0c8:	fmadd	d3, d8, d12, d10
_ZN13AcroFormField17drawCircleTopLeftEdddP7GString	None	17b0d0:	fmsub	d2, d8, d11, d9
_ZN13AcroFormField17drawCircleTopLeftEdddP7GString	None	17b0d4:	fmadd	d0, d8, d11, d9
_ZN13AcroFormField17drawCircleTopLeftEdddP7GString	None	17b0f0:	fmsub	d2, d8, d12, d9
_ZN13AcroFormField17drawCircleTopLeftEdddP7GString	None	17b0f4:	fmsub	d3, d8, d11, d10
_ZN13AcroFormField17drawCircleTopLeftEdddP7GString	None	17b0f8:	fmadd	d1, d8, d11, d10
_ZN13AcroFormField21drawCircleBottomRightEdddP7GString	None	17b1a8:	fmsub	d3, d8, d12, d10
_ZN13AcroFormField21drawCircleBottomRightEdddP7GString	None	17b1b0:	fmadd	d2, d8, d11, d9
_ZN13AcroFormField21drawCircleBottomRightEdddP7GString	None	17b1b4:	fmsub	d0, d8, d11, d9
_ZN13AcroFormField21drawCircleBottomRightEdddP7GString	None	17b1d0:	fmadd	d2, d8, d12, d9
_ZN13AcroFormField21drawCircleBottomRightEdddP7GString	None	17b1d4:	fmadd	d3, d8, d11, d10
_ZN13AcroFormField21drawCircleBottomRightEdddP7GString	None	17b1d8:	fmsub	d1, d8, d11, d10
_ZN13AcroFormField8drawTextEP7GStringS1_P11GfxFontDictiiiiiiidddddiS1_	None	17b568:	fmsub	d9, d11, d0, d10
_ZN13AcroFormField8drawTextEP7GStringS1_P11GfxFontDictiiiiiiidddddiS1_	None	17ba74:	fmsub	d8, d11, d8, d14
_ZN13AcroFormField8drawTextEP7GStringS1_P11GfxFontDictiiiiiiidddddiS1_	None	17bedc:	fmsub	d8, d11, d2, d14
_ZN13AcroFormField8drawTextEP7GStringS1_P11GfxFontDictiiiiiiidddddiS1_	None	17bee0:	fmsub	d1, d11, d2, d1
_ZN13AcroFormField8drawTextEP7GStringS1_P11GfxFontDictiiiiiiidddddiS1_	None	17c1b0:	fmsub	d1, d1, d8, d14
_ZN13AcroFormField8drawTextEP7GStringS1_P11GfxFontDictiiiiiiidddddiS1_	None	17c1b8:	fmadd	d0, d1, d3, d0
_ZN13AcroFormField8drawTextEP7GStringS1_P11GfxFontDictiiiiiiidddddiS1_	None	17c1d0:	fmsub	d1, d1, d8, d14
_ZN13AcroFormField8drawTextEP7GStringS1_P11GfxFontDictiiiiiiidddddiS1_	None	17c1d8:	fmadd	d0, d1, d3, d0
_ZN13AcroFormField8drawTextEP7GStringS1_P11GfxFontDictiiiiiiidddddiS1_	None	17c1ec:	fnmsub	d0, d0, d8, d2
_ZN13AcroFormField8drawTextEP7GStringS1_P11GfxFontDictiiiiiiidddddiS1_	None	17c3bc:	fmadd	d2, d8, d3, d2
_ZN13AcroFormField8drawTextEP7GStringS1_P11GfxFontDictiiiiiiidddddiS1_	None	17c3c0:	fmsub	d0, d8, d0, d11
_ZN13AcroFormField8drawTextEP7GStringS1_P11GfxFontDictiiiiiiidddddiS1_	None	17c3c8:	fmsub	d1, d8, d1, d9
_ZN13AcroFormField11drawListBoxEPP7GStringPiiiS1_P11GfxFontDictidddddS1_	None	17c6e4:	fmsub	d10, d12, d1, d9
_ZN13AcroFormField11drawListBoxEPP7GStringPiiiS1_P11GfxFontDictidddddS1_	None	17c6ec:	fmsub	d0, d12, d1, d0
_ZN13AcroFormField11drawListBoxEPP7GStringPiiiS1_P11GfxFontDictidddddS1_	None	17ca58:	fmsub	d1, d10, d15, d9
_ZN13AcroFormField11drawListBoxEPP7GStringPiiiS1_P11GfxFontDictidddddS1_	None	17ca60:	fmsub	d2, d12, d2, d0
_ZN13AcroFormField11drawBarcodeEP7GStringS1_P11GfxFontDictiddddP19XFAFieldBarcodeInfoS1_	None	17ce38:	fmadd	d0, d2, d1, d0
_ZN13AcroFormField11drawBarcodeEP7GStringS1_P11GfxFontDictiddddP19XFAFieldBarcodeInfoS1_	None	17cec4:	fmadd	d8, d1, d13, d8
_ZN13AcroFormField11drawBarcodeEP7GStringS1_P11GfxFontDictiddddP19XFAFieldBarcodeInfoS1_	None	17d01c:	fmadd	d0, d2, d1, d0
_ZN13AcroFormField11drawBarcodeEP7GStringS1_P11GfxFontDictiddddP19XFAFieldBarcodeInfoS1_	None	17d18c:	fmadd	d8, d0, d13, d8
_ZN13AcroFormField7getFontEP3RefPd	None	17e1cc:	fmadd	d0, d9, d9, d0
_ZN13AcroFormField17drawNewAppearanceEP3GfxP4Dictdddd	None	180c20:	fmsub	d2, d15, d1, d13
_ZN13AcroFormField17drawNewAppearanceEP3GfxP4Dictdddd	None	180c24:	fmsub	d1, d15, d1, d12
_ZN13AcroFormField17drawNewAppearanceEP3GfxP4Dictdddd	None	181738:	fmsub	d2, d15, d2, d14
_ZN13AcroFormField17drawNewAppearanceEP3GfxP4Dictdddd	None	181784:	fmsub	d14, d15, d2, d14
_ZN13AcroFormField17drawNewAppearanceEP3GfxP4Dictdddd	None	182168:	fmsub	d2, d15, d0, d14
_ZN13AcroFormField17drawNewAppearanceEP3GfxP4Dictdddd	None	182398:	fmsub	d14, d15, d2, d14
_ZN5Annot18adjustLineEndpointE16AnnotLineEndTypedddddPdS1_	None	184a38:	fmadd	d0, d4, d2, d0
_ZN5Annot18adjustLineEndpointE16AnnotLineEndTypedddddPdS1_	None	184a3c:	fmadd	d1, d4, d3, d1
_ZN5Annot18adjustLineEndpointE16AnnotLineEndTypedddddPdS1_	None	184a50:	fmadd	d0, d4, d2, d0
_ZN5Annot18adjustLineEndpointE16AnnotLineEndTypedddddPdS1_	None	184a54:	fmadd	d1, d4, d3, d1
_ZN5Annot18adjustLineEndpointE16AnnotLineEndTypedddddPdS1_	None	184a70:	fmadd	d0, d4, d2, d0
_ZN5Annot18adjustLineEndpointE16AnnotLineEndTypedddddPdS1_	None	184a74:	fmadd	d1, d4, d3, d1
_ZN5Annot10drawCircleEdddPKc	None	184ae0:	fmadd	d15, d8, d11, d10
_ZN5Annot10drawCircleEdddPKc	None	184ae8:	fmadd	d1, d8, d11, d9
_ZN5Annot10drawCircleEdddPKc	None	184b14:	fmsub	d0, d8, d11, d10
_ZN5Annot10drawCircleEdddPKc	None	184b40:	fmsub	d11, d8, d11, d9
_ZN5Annot13drawLineArrowE16AnnotLineEndTypedddddi	None	184c48:	fmsub	d1, d13, d2, d10
_ZN5Annot13drawLineArrowE16AnnotLineEndTypedddddi	None	184c4c:	fmadd	d0, d13, d3, d11
_ZN5Annot13drawLineArrowE16AnnotLineEndTypedddddi	None	184c50:	fmsub	d1, d8, d3, d1
_ZN5Annot13drawLineArrowE16AnnotLineEndTypedddddi	None	184c54:	fmsub	d0, d8, d2, d0
_ZN5Annot13drawLineArrowE16AnnotLineEndTypedddddi	None	184c5c:	fmsub	d0, d13, d9, d11
_ZN5Annot13drawLineArrowE16AnnotLineEndTypedddddi	None	184c60:	fmadd	d1, d13, d12, d10
_ZN5Annot13drawLineArrowE16AnnotLineEndTypedddddi	None	184c70:	fmadd	d0, d8, d12, d0
_ZN5Annot13drawLineArrowE16AnnotLineEndTypedddddi	None	184c74:	fmadd	d1, d8, d9, d1
_ZN5Annot13drawLineArrowE16AnnotLineEndTypedddddi	None	184ce8:	fmadd	d14, d13, d2, d11
_ZN5Annot13drawLineArrowE16AnnotLineEndTypedddddi	None	184cec:	fmadd	d13, d13, d3, d1
_ZN5Annot13drawLineArrowE16AnnotLineEndTypedddddi	None	184cf0:	fmadd	d0, d8, d3, d14
_ZN5Annot13drawLineArrowE16AnnotLineEndTypedddddi	None	184cf4:	fmsub	d1, d8, d2, d13
_ZN5Annot13drawLineArrowE16AnnotLineEndTypedddddi	None	184d10:	fmadd	d1, d8, d12, d13
_ZN5Annot13drawLineArrowE16AnnotLineEndTypedddddi	None	184d14:	fmsub	d0, d8, d9, d14
_ZN5Annot13drawLineArrowE16AnnotLineEndTypedddddi	None	184d8c:	fmadd	d0, d2, d12, d11
_ZN5Annot13drawLineArrowE16AnnotLineEndTypedddddi	None	184d90:	fmadd	d1, d2, d3, d1
_ZN5Annot13drawLineArrowE16AnnotLineEndTypedddddi	None	184ddc:	fmsub	d1, d13, d2, d1
_ZN5Annot13drawLineArrowE16AnnotLineEndTypedddddi	None	184de0:	fmadd	d0, d13, d3, d0
_ZN5Annot13drawLineArrowE16AnnotLineEndTypedddddi	None	184dfc:	fmadd	d1, d4, d9, d10
_ZN5Annot13drawLineArrowE16AnnotLineEndTypedddddi	None	184e00:	fmadd	d0, d4, d12, d11
_ZN5Annot13drawLineArrowE16AnnotLineEndTypedddddi	None	184e08:	fmadd	d1, d13, d12, d10
_ZN5Annot13drawLineArrowE16AnnotLineEndTypedddddi	None	184e0c:	fmsub	d0, d13, d9, d11
_ZN5Annot13drawLineArrowE16AnnotLineEndTypedddddi	None	184e7c:	fmadd	d14, d13, d12, d11
_ZN5Annot13drawLineArrowE16AnnotLineEndTypedddddi	None	184e80:	fmadd	d15, d13, d9, d10
_ZN5Annot13drawLineArrowE16AnnotLineEndTypedddddi	None	184e84:	fmsub	d0, d13, d9, d14
_ZN5Annot13drawLineArrowE16AnnotLineEndTypedddddi	None	184e88:	fmadd	d1, d13, d12, d15
_ZN5Annot13drawLineArrowE16AnnotLineEndTypedddddi	None	184e90:	fmadd	d1, d9, d8, d10
_ZN5Annot13drawLineArrowE16AnnotLineEndTypedddddi	None	184e94:	fmadd	d0, d12, d8, d11
_ZN5Annot13drawLineArrowE16AnnotLineEndTypedddddi	None	184ea4:	fmsub	d1, d13, d12, d15
_ZN5Annot13drawLineArrowE16AnnotLineEndTypedddddi	None	184ea8:	fmadd	d0, d13, d9, d14
_ZN5Annot13drawLineArrowE16AnnotLineEndTypedddddi	None	184f1c:	fmadd	d14, d2, d4, d11
_ZN5Annot13drawLineArrowE16AnnotLineEndTypedddddi	None	184f20:	fmadd	d8, d3, d4, d1
_ZN5Annot13drawLineArrowE16AnnotLineEndTypedddddi	None	184f28:	fmadd	d0, d13, d3, d14
_ZN5Annot13drawLineArrowE16AnnotLineEndTypedddddi	None	184f2c:	fmsub	d1, d13, d2, d8
_ZN5Annot13drawLineArrowE16AnnotLineEndTypedddddi	None	184f34:	fmsub	d1, d13, d12, d10
_ZN5Annot13drawLineArrowE16AnnotLineEndTypedddddi	None	184f38:	fmadd	d0, d13, d9, d11
_ZN5Annot13drawLineArrowE16AnnotLineEndTypedddddi	None	184f48:	fmadd	d1, d13, d12, d10
_ZN5Annot13drawLineArrowE16AnnotLineEndTypedddddi	None	184f4c:	fmsub	d0, d13, d9, d11
_ZN5Annot13drawLineArrowE16AnnotLineEndTypedddddi	None	184f5c:	fmadd	d1, d13, d12, d8
_ZN5Annot13drawLineArrowE16AnnotLineEndTypedddddi	None	184f60:	fmsub	d0, d13, d9, d14
_ZN5Annot13drawLineArrowE16AnnotLineEndTypedddddi	None	184f84:	fmsub	d1, d8, d2, d1
_ZN5Annot13drawLineArrowE16AnnotLineEndTypedddddi	None	184f88:	fmadd	d0, d8, d3, d11
_ZN5Annot13drawLineArrowE16AnnotLineEndTypedddddi	None	184f90:	fmadd	d1, d8, d12, d10
_ZN5Annot13drawLineArrowE16AnnotLineEndTypedddddi	None	184f94:	fmsub	d0, d8, d9, d11
_ZN5Annot13drawLineArrowE16AnnotLineEndTypedddddi	None	184ff4:	fmadd	d14, d13, d2, d11
_ZN5Annot13drawLineArrowE16AnnotLineEndTypedddddi	None	184ff8:	fmadd	d13, d13, d3, d1
_ZN5Annot13drawLineArrowE16AnnotLineEndTypedddddi	None	184ffc:	fmadd	d0, d8, d3, d14
_ZN5Annot13drawLineArrowE16AnnotLineEndTypedddddi	None	185000:	fmsub	d1, d8, d2, d13
_ZN5Annot13drawLineArrowE16AnnotLineEndTypedddddi	None	18501c:	fmadd	d1, d8, d12, d13
_ZN5Annot13drawLineArrowE16AnnotLineEndTypedddddi	None	185020:	fmsub	d0, d8, d9, d14
_ZN5Annot13drawLineArrowE16AnnotLineEndTypedddddi	None	185054:	fmsub	d1, d13, d2, d1
_ZN5Annot13drawLineArrowE16AnnotLineEndTypedddddi	None	185058:	fmadd	d0, d13, d3, d0
_ZN5Annot13drawLineArrowE16AnnotLineEndTypedddddi	None	185074:	fmadd	d1, d4, d9, d10
_ZN5Annot13drawLineArrowE16AnnotLineEndTypedddddi	None	185078:	fmadd	d0, d4, d12, d11
_ZN5Annot13drawLineArrowE16AnnotLineEndTypedddddi	None	185080:	fmsub	d0, d13, d9, d11
_ZN5Annot13drawLineArrowE16AnnotLineEndTypedddddi	None	185084:	fmadd	d1, d13, d12, d10
_ZN5Annot22generateLineAppearanceEP6Object	None	1853e4:	fmadd	d0, d8, d8, d0
_ZN5Annot22generateLineAppearanceEP6Object	None	185420:	fmadd	d17, d5, d11, d14
_ZN5Annot22generateLineAppearanceEP6Object	None	185424:	fmsub	d18, d8, d11, d15
_ZN5Annot22generateLineAppearanceEP6Object	None	185428:	fmadd	d16, d5, d11, d9
_ZN5Annot22generateLineAppearanceEP6Object	None	18542c:	fmsub	d11, d8, d11, d10
_ZN5Annot22generateLineAppearanceEP6Object	None	185440:	fmadd	d14, d5, d12, d17
_ZN5Annot22generateLineAppearanceEP6Object	None	185444:	fmsub	d15, d8, d12, d18
_ZN5Annot22generateLineAppearanceEP6Object	None	185448:	fmadd	d9, d5, d12, d16
_ZN5Annot22generateLineAppearanceEP6Object	None	18544c:	fmsub	d10, d8, d12, d11
_ZN5Annot22generateLineAppearanceEP6Object	None	185460:	fmadd	d20, d5, d13, d14
_ZN5Annot22generateLineAppearanceEP6Object	None	185464:	fmsub	d19, d8, d13, d15
_ZN5Annot22generateLineAppearanceEP6Object	None	185468:	fmadd	d12, d5, d13, d9
_ZN5Annot22generateLineAppearanceEP6Object	None	185470:	fmsub	d13, d8, d13, d10
_ZN5Annot17drawCircleTopLeftEddd	None	185a1c:	fmadd	d3, d8, d12, d10
_ZN5Annot17drawCircleTopLeftEddd	None	185a24:	fmsub	d2, d8, d11, d9
_ZN5Annot17drawCircleTopLeftEddd	None	185a28:	fmadd	d0, d8, d11, d9
_ZN5Annot17drawCircleTopLeftEddd	None	185a44:	fmsub	d2, d8, d12, d9
_ZN5Annot17drawCircleTopLeftEddd	None	185a48:	fmsub	d3, d8, d11, d10
_ZN5Annot17drawCircleTopLeftEddd	None	185a4c:	fmadd	d1, d8, d11, d10
_ZN5Annot21drawCircleBottomRightEddd	None	185af8:	fmsub	d3, d8, d12, d10
_ZN5Annot21drawCircleBottomRightEddd	None	185b00:	fmadd	d2, d8, d11, d9
_ZN5Annot21drawCircleBottomRightEddd	None	185b04:	fmsub	d0, d8, d11, d9
_ZN5Annot21drawCircleBottomRightEddd	None	185b20:	fmadd	d2, d8, d12, d9
_ZN5Annot21drawCircleBottomRightEddd	None	185b24:	fmadd	d3, d8, d11, d10
_ZN5Annot21drawCircleBottomRightEddd	None	185b28:	fmsub	d1, d8, d11, d10
_ZN5Annot8drawTextEP7GStringS1_idi	None	185dcc:	fmsub	d0, d13, d9, d11
_ZN5Annot8drawTextEP7GStringS1_idi	None	185dd0:	fmsub	d9, d13, d9, d12
_ZN5Annot8drawTextEP7GStringS1_idi	None	185e1c:	fnmsub	d9, d12, d0, d9
_ZN5Annot8drawTextEP7GStringS1_idi	None	1861a0:	fnmsub	d9, d12, d0, d9
_ZN3Gfx14opTextNextLineEP6Objecti	None	18fa18:	fmadd	d1, d3, d6, d1
_ZN3Gfx14opTextNextLineEP6Objecti	None	18fa1c:	fmadd	d0, d3, d5, d0
_ZN3Gfx10opTextMoveEP6Objecti	None	18fab4:	fmadd	d1, d3, d5, d1
_ZN3Gfx10opTextMoveEP6Objecti	None	18fab8:	fmadd	d0, d3, d4, d0
_ZN3Gfx13opTextMoveSetEP6Objecti	None	18fb78:	fmadd	d2, d3, d5, d2
_ZN3Gfx13opTextMoveSetEP6Objecti	None	18fb7c:	fmadd	d1, d3, d4, d1
_ZN3Gfx15opSetTextMatrixEP6Objecti	None	18fc74:	fmadd	d4, d16, d2, d4
_ZN3Gfx15opSetTextMatrixEP6Objecti	None	18fc78:	fmadd	d2, d7, d2, d3
_ZN3Gfx17doFunctionShFill1EP18GfxFunctionShadingddddP8GfxColori	None	193ffc:	fmadd	d0, d2, d8, d0
_ZN3Gfx17doFunctionShFill1EP18GfxFunctionShadingddddP8GfxColori	None	194000:	fmadd	d1, d4, d8, d1
_ZN3Gfx17doFunctionShFill1EP18GfxFunctionShadingddddP8GfxColori	None	194034:	fmadd	d0, d2, d10, d0
_ZN3Gfx17doFunctionShFill1EP18GfxFunctionShadingddddP8GfxColori	None	194038:	fmadd	d1, d4, d10, d1
_ZN3Gfx17doFunctionShFill1EP18GfxFunctionShadingddddP8GfxColori	None	194070:	fmadd	d0, d2, d10, d0
_ZN3Gfx17doFunctionShFill1EP18GfxFunctionShadingddddP8GfxColori	None	194074:	fmadd	d10, d4, d10, d1
_ZN3Gfx17doFunctionShFill1EP18GfxFunctionShadingddddP8GfxColori	None	1940ac:	fmadd	d0, d4, d8, d0
_ZN3Gfx17doFunctionShFill1EP18GfxFunctionShadingddddP8GfxColori	None	1940b0:	fmadd	d8, d3, d8, d11
_ZN3Gfx13doAxialShFillEP15GfxAxialShading	None	1948a0:	fmadd	d9, d12, d12, d9
_ZN3Gfx13doAxialShFillEP15GfxAxialShading	None	1948cc:	fmadd	d3, d1, d12, d2
_ZN3Gfx13doAxialShFillEP15GfxAxialShading	None	1948d0:	fmadd	d1, d1, d12, d5
_ZN3Gfx13doAxialShFillEP15GfxAxialShading	None	194968:	fmadd	d4, d10, d12, d3
_ZN3Gfx13doAxialShFillEP15GfxAxialShading	None	194970:	fmadd	d3, d10, d13, d3
_ZN3Gfx13doAxialShFillEP15GfxAxialShading	None	194a94:	fmadd	d0, d0, d9, d10
_ZN3Gfx13doAxialShFillEP15GfxAxialShading	None	194a98:	fmadd	d0, d0, d15, d8
_ZN3Gfx13doAxialShFillEP15GfxAxialShading	None	194b58:	fmadd	d8, d8, d0, d10
_ZN3Gfx13doAxialShFillEP15GfxAxialShading	None	194b60:	fmadd	d14, d12, d8, d0
_ZN3Gfx13doAxialShFillEP15GfxAxialShading	None	194b68:	fmadd	d8, d13, d8, d0
_ZN3Gfx13doAxialShFillEP15GfxAxialShading	None	194ba8:	fmsub	d15, d9, d13, d14
_ZN3Gfx13doAxialShFillEP15GfxAxialShading	None	194bb0:	fmadd	d9, d9, d12, d8
_ZN3Gfx13doAxialShFillEP15GfxAxialShading	None	194bb8:	fmsub	d14, d0, d13, d14
_ZN3Gfx13doAxialShFillEP15GfxAxialShading	None	194bc0:	fmadd	d8, d0, d12, d8
_ZN3Gfx13doAxialShFillEP15GfxAxialShading	None	194e64:	fmadd	d11, d12, d9, d0
_ZN3Gfx13doAxialShFillEP15GfxAxialShading	None	194e6c:	fmadd	d9, d13, d9, d0
_ZN3Gfx13doAxialShFillEP15GfxAxialShading	None	194ebc:	fmadd	d1, d12, d0, d1
_ZN3Gfx13doAxialShFillEP15GfxAxialShading	None	194ec0:	fmadd	d0, d13, d0, d2
_ZN3Gfx13doAxialShFillEP15GfxAxialShading	None	194f20:	fmsub	d15, d1, d13, d11
_ZN3Gfx13doAxialShFillEP15GfxAxialShading	None	194f2c:	fmadd	d14, d1, d12, d9
_ZN3Gfx13doAxialShFillEP15GfxAxialShading	None	194f38:	fmsub	d11, d2, d13, d11
_ZN3Gfx13doAxialShFillEP15GfxAxialShading	None	194f44:	fmadd	d9, d2, d12, d9
_ZN3Gfx13doAxialShFillEP15GfxAxialShading	None	19506c:	fmsub	d11, d10, d13, d1
_ZN3Gfx13doAxialShFillEP15GfxAxialShading	None	195078:	fmadd	d10, d10, d12, d0
_ZN3Gfx13doAxialShFillEP15GfxAxialShading	None	195084:	fmsub	d13, d2, d13, d1
_ZN3Gfx13doAxialShFillEP15GfxAxialShading	None	195090:	fmadd	d12, d2, d12, d0
_ZN3Gfx14doRadialShFillEP16GfxRadialShading	None	1952c8:	fmadd	d2, d1, d1, d2
_ZN3Gfx14doRadialShFillEP16GfxRadialShading	None	1953dc:	fmadd	d9, d2, d3, d9
_ZN3Gfx14doRadialShFillEP16GfxRadialShading	None	1953e0:	fmadd	d13, d1, d3, d13
_ZN3Gfx14doRadialShFillEP16GfxRadialShading	None	1953e4:	fmadd	d14, d0, d3, d14
_ZN3Gfx14doRadialShFillEP16GfxRadialShading	None	195528:	fmadd	d8, d8, d1, d0
_ZN3Gfx14doRadialShFillEP16GfxRadialShading	None	195530:	fmadd	d0, d8, d0, d10
_ZN3Gfx14doRadialShFillEP16GfxRadialShading	None	195584:	fmadd	d11, d8, d2, d11
_ZN3Gfx14doRadialShFillEP16GfxRadialShading	None	195588:	fmadd	d12, d8, d1, d12
_ZN3Gfx14doRadialShFillEP16GfxRadialShading	None	19558c:	fmadd	d8, d8, d0, d3
_ZN3Gfx14doRadialShFillEP16GfxRadialShading	None	195670:	fmadd	d0, d0, d9, d13
_ZN3Gfx14doRadialShFillEP16GfxRadialShading	None	195674:	fmadd	d1, d1, d9, d14
_ZN3Gfx14doRadialShFillEP16GfxRadialShading	None	1956d4:	fmadd	d0, d0, d8, d11
_ZN3Gfx14doRadialShFillEP16GfxRadialShading	None	1956d8:	fmadd	d1, d1, d8, d12
_ZN3Gfx14doRadialShFillEP16GfxRadialShading	None	1957e8:	fmadd	d2, d0, d9, d13
_ZN3Gfx14doRadialShFillEP16GfxRadialShading	None	1957ec:	fmadd	d3, d1, d9, d14
_ZN3Gfx14doRadialShFillEP16GfxRadialShading	None	195828:	fmsub	d0, d0, d2, d1
_ZN3Gfx14doRadialShFillEP16GfxRadialShading	None	195834:	fmadd	d0, d0, d8, d11
_ZN3Gfx14doRadialShFillEP16GfxRadialShading	None	195838:	fmadd	d1, d1, d8, d12
_ZN3Gfx14doRadialShFillEP16GfxRadialShading	None	19589c:	fmadd	d0, d0, d2, d1
_ZN3Gfx14doRadialShFillEP16GfxRadialShading	None	1958ac:	fmadd	d0, d0, d9, d13
_ZN3Gfx14doRadialShFillEP16GfxRadialShading	None	1958b0:	fmadd	d1, d1, d9, d14
_ZN3Gfx14doRadialShFillEP16GfxRadialShading	None	1958fc:	fmadd	d0, d0, d2, d1
_ZN3Gfx14doRadialShFillEP16GfxRadialShading	None	195920:	fmadd	d1, d0, d8, d12
_ZN3Gfx14doRadialShFillEP16GfxRadialShading	None	19592c:	fmadd	d0, d0, d8, d11
_ZN3Gfx14doRadialShFillEP16GfxRadialShading	None	195968:	fmadd	d0, d0, d2, d1
_ZN3Gfx14doRadialShFillEP16GfxRadialShading	None	195978:	fmadd	d0, d0, d9, d13
_ZN3Gfx14doRadialShFillEP16GfxRadialShading	None	19597c:	fmadd	d1, d1, d9, d14
_ZN3Gfx14doRadialShFillEP16GfxRadialShading	None	195b34:	fmadd	d0, d0, d8, d11
_ZN3Gfx14doRadialShFillEP16GfxRadialShading	None	195b38:	fmadd	d1, d1, d8, d9
_ZN3Gfx14doRadialShFillEP16GfxRadialShading	None	195da4:	fmadd	d0, d0, d0, d4
_ZN3Gfx14doRadialShFillEP16GfxRadialShading	None	195e38:	fmadd	d4, d3, d4, d10
_ZN3Gfx14doRadialShFillEP16GfxRadialShading	None	195e8c:	fmadd	d5, d0, d5, d2
_ZN3Gfx14doRadialShFillEP16GfxRadialShading	None	195f74:	fmadd	d0, d0, d8, d11
_ZN3Gfx14doRadialShFillEP16GfxRadialShading	None	195f78:	fmadd	d1, d1, d8, d9
_ZN3Gfx14doRadialShFillEP16GfxRadialShading	None	196238:	fmadd	d4, d4, d3, d10
_ZN3Gfx14doRadialShFillEP16GfxRadialShading	None	196248:	fmadd	d4, d3, d4, d10
_ZN3Gfx19gouraudFillTriangleEddPdddS0_ddS0_P25GfxGouraudTriangleShadingi	None	1963bc:	fmadd	d0, d4, d5, d0
_ZN3Gfx19gouraudFillTriangleEddPdddS0_ddS0_P25GfxGouraudTriangleShadingi	None	1966b8:	fmadd	d0, d4, d6, d0
_ZN3Gfx19gouraudFillTriangleEddPdddS0_ddS0_P25GfxGouraudTriangleShadingi	None	1966d8:	fmadd	d0, d4, d5, d0
_ZN3Gfx19gouraudFillTriangleEddPdddS0_ddS0_P25GfxGouraudTriangleShadingi	None	196710:	fmadd	d0, d4, d6, d0
_ZN3Gfx19gouraudFillTriangleEddPdddS0_ddS0_P25GfxGouraudTriangleShadingi	None	196740:	fmadd	d0, d4, d5, d0
_ZN3Gfx19gouraudFillTriangleEddPdddS0_ddS0_P25GfxGouraudTriangleShadingi	None	196758:	fmadd	d0, d4, d6, d0
_ZN3Gfx9fillPatchEP8GfxPatchP19GfxPatchMeshShadingi	None	1969fc:	fmadd	d1, d2, d18, d1
_ZN3Gfx9fillPatchEP8GfxPatchP19GfxPatchMeshShadingi	None	196a00:	fmadd	d0, d2, d17, d0
_ZN3Gfx9fillPatchEP8GfxPatchP19GfxPatchMeshShadingi	None	196abc:	fmadd	d4, d2, d0, d16
_ZN3Gfx9fillPatchEP8GfxPatchP19GfxPatchMeshShadingi	None	196ac0:	fmadd	d2, d2, d0, d6
_ZN3Gfx9fillPatchEP8GfxPatchP19GfxPatchMeshShadingi	None	196acc:	fmadd	d3, d1, d0, d7
_ZN3Gfx9fillPatchEP8GfxPatchP19GfxPatchMeshShadingi	None	196ad0:	fmadd	d1, d1, d0, d5
_ZN3Gfx9fillPatchEP8GfxPatchP19GfxPatchMeshShadingi	None	196bc4:	fmadd	d4, d1, d0, d7
_ZN3Gfx9fillPatchEP8GfxPatchP19GfxPatchMeshShadingi	None	196bc8:	fmadd	d3, d2, d0, d16
_ZN3Gfx9fillPatchEP8GfxPatchP19GfxPatchMeshShadingi	None	196bdc:	fmadd	d1, d1, d0, d5
_ZN3Gfx9fillPatchEP8GfxPatchP19GfxPatchMeshShadingi	None	196be0:	fmadd	d2, d2, d0, d6
_ZN3Gfx9fillPatchEP8GfxPatchP19GfxPatchMeshShadingi	None	196cd0:	fmadd	d4, d1, d0, d7
_ZN3Gfx9fillPatchEP8GfxPatchP19GfxPatchMeshShadingi	None	196cd4:	fmadd	d3, d2, d0, d16
_ZN3Gfx9fillPatchEP8GfxPatchP19GfxPatchMeshShadingi	None	196ce8:	fmadd	d1, d1, d0, d5
_ZN3Gfx9fillPatchEP8GfxPatchP19GfxPatchMeshShadingi	None	196cec:	fmadd	d2, d2, d0, d6
_ZN3Gfx20doShadingPatternFillEP17GfxShadingPatterniii	None	197b14:	fnmsub	d5, d18, d8, d5
_ZN3Gfx20doShadingPatternFillEP17GfxShadingPatterniii	None	197b50:	fmadd	d0, d13, d10, d0
_ZN3Gfx20doShadingPatternFillEP17GfxShadingPatterniii	None	197b54:	fmadd	d5, d7, d10, d5
_ZN3Gfx20doShadingPatternFillEP17GfxShadingPatterniii	None	197b74:	fmadd	d1, d20, d7, d1
_ZN3Gfx20doShadingPatternFillEP17GfxShadingPatterniii	None	197b78:	fmadd	d3, d13, d2, d12
_ZN3Gfx20doShadingPatternFillEP17GfxShadingPatterniii	None	197b80:	fmadd	d7, d7, d2, d4
_ZN3Gfx20doShadingPatternFillEP17GfxShadingPatterniii	None	197b88:	fmadd	d11, d20, d13, d11
_ZN3Gfx20doShadingPatternFillEP17GfxShadingPatterniii	None	197b90:	fnmsub	d19, d6, d19, d22
_ZN3Gfx20doShadingPatternFillEP17GfxShadingPatterniii	None	197b94:	fnmsub	d16, d9, d21, d16
_ZN3Gfx20doShadingPatternFillEP17GfxShadingPatterniii	None	197bb4:	fmadd	d12, d8, d5, d12
_ZN3Gfx20doShadingPatternFillEP17GfxShadingPatterniii	None	197bb8:	fmadd	d10, d9, d5, d10
_ZN3Gfx20doShadingPatternFillEP17GfxShadingPatterniii	None	197bcc:	fmadd	d13, d8, d1, d13
_ZN3Gfx20doShadingPatternFillEP17GfxShadingPatterniii	None	197bd0:	fmadd	d11, d9, d1, d11
_ZN3Gfx20doShadingPatternFillEP17GfxShadingPatterniii	None	197bd4:	fmadd	d12, d19, d17, d12
_ZN3Gfx20doShadingPatternFillEP17GfxShadingPatterniii	None	197bd8:	fmadd	d9, d9, d7, d2
_ZN3Gfx20doShadingPatternFillEP17GfxShadingPatterniii	None	197bdc:	fmadd	d10, d16, d17, d10
_ZN3Gfx20doShadingPatternFillEP17GfxShadingPatterniii	None	197be0:	fmadd	d8, d8, d7, d6
_ZN3Gfx9drawAnnotEP6ObjectP16AnnotBorderStyledddd	None	19a4ec:	fmadd	d23, d3, d18, d4
_ZN3Gfx9drawAnnotEP6ObjectP16AnnotBorderStyledddd	None	19a4f0:	fmadd	d7, d3, d18, d21
_ZN3Gfx9drawAnnotEP6ObjectP16AnnotBorderStyledddd	None	19a4f8:	fmadd	d22, d3, d17, d2
_ZN3Gfx9drawAnnotEP6ObjectP16AnnotBorderStyledddd	None	19a4fc:	fmadd	d3, d3, d17, d0
_ZN3Gfx9drawAnnotEP6ObjectP16AnnotBorderStyledddd	None	19a604:	fmsub	d1, d1, d4, d10
_ZN3Gfx9drawAnnotEP6ObjectP16AnnotBorderStyledddd	None	19a608:	fmsub	d0, d0, d3, d8
_ZN3Gfx19doTilingPatternFillEP16GfxTilingPatterniii	None	19ab78:	fnmsub	d0, d2, d3, d0
_ZN3Gfx19doTilingPatternFillEP16GfxTilingPatterniii	None	19abcc:	fmadd	d8, d14, d5, d8
_ZN3Gfx19doTilingPatternFillEP16GfxTilingPatterniii	None	19abd0:	fmadd	d9, d5, d15, d9
_ZN3Gfx19doTilingPatternFillEP16GfxTilingPatterniii	None	19abd4:	fmadd	d14, d14, d4, d3
_ZN3Gfx19doTilingPatternFillEP16GfxTilingPatterniii	None	19abd8:	fmadd	d15, d4, d15, d2
_ZN3Gfx19doTilingPatternFillEP16GfxTilingPatterniii	None	19abe8:	fmadd	d11, d4, d3, d11
_ZN3Gfx19doTilingPatternFillEP16GfxTilingPatterniii	None	19abec:	fmadd	d10, d5, d3, d10
_ZN3Gfx19doTilingPatternFillEP16GfxTilingPatterniii	None	19abfc:	fnmsub	d12, d8, d15, d12
_ZN3Gfx19doTilingPatternFillEP16GfxTilingPatterniii	None	19adbc:	fmsub	d7, d15, d10, d7
_ZN3Gfx19doTilingPatternFillEP16GfxTilingPatterniii	None	19adc4:	fmsub	d4, d8, d11, d4
_ZN3Gfx19doTilingPatternFillEP16GfxTilingPatterniii	None	19ade8:	fmadd	d2, d6, d0, d4
_ZN3Gfx19doTilingPatternFillEP16GfxTilingPatterniii	None	19adec:	fmadd	d7, d6, d0, d19
_ZN3Gfx19doTilingPatternFillEP16GfxTilingPatterniii	None	19adf8:	fmadd	d16, d20, d0, d3
_ZN3Gfx19doTilingPatternFillEP16GfxTilingPatterniii	None	19adfc:	fmadd	d0, d20, d0, d1
_ZN3Gfx19doTilingPatternFillEP16GfxTilingPatterniii	None	19af74:	fmsub	d3, d16, d1, d3
_ZN3Gfx19doTilingPatternFillEP16GfxTilingPatterniii	None	19af78:	fmsub	d4, d7, d2, d4
_ZN3Gfx19doTilingPatternFillEP16GfxTilingPatterniii	None	19afa8:	fmadd	d8, d6, d14, d18
_ZN3Gfx19doTilingPatternFillEP16GfxTilingPatterniii	None	19afac:	fmadd	d9, d6, d15, d16
_ZN3Gfx19doTilingPatternFillEP16GfxTilingPatterniii	None	19afb0:	fmadd	d14, d5, d14, d17
_ZN3Gfx19doTilingPatternFillEP16GfxTilingPatterniii	None	19afb4:	fmadd	d15, d5, d15, d7
_ZN3Gfx19doTilingPatternFillEP16GfxTilingPatterniii	None	19afc0:	fmadd	d10, d6, d11, d2
_ZN3Gfx19doTilingPatternFillEP16GfxTilingPatterniii	None	19afc4:	fmadd	d11, d5, d11, d1
_ZN3Gfx19doTilingPatternFillEP16GfxTilingPatterniii	None	19afc8:	fmadd	d10, d4, d0, d10
_ZN3Gfx19doTilingPatternFillEP16GfxTilingPatterniii	None	19afcc:	fmadd	d11, d3, d0, d11
_ZN3Gfx19doTilingPatternFillEP16GfxTilingPatterniii	None	19b06c:	fmadd	d1, d8, d2, d1
_ZN3Gfx19doTilingPatternFillEP16GfxTilingPatterniii	None	19b070:	fmadd	d0, d14, d2, d0
_ZN3Gfx10doShowTextEP7GString	None	19e040:	fmadd	d9, d2, d10, d9
_ZN3Gfx10doShowTextEP7GString	None	19e044:	fmadd	d10, d1, d10, d0
_ZN3Gfx10doShowTextEP7GString	None	19e0d8:	fmadd	d6, d0, d4, d6
_ZN3Gfx10doShowTextEP7GString	None	19e128:	fmadd	d11, d3, d8, d11
_ZN3Gfx10doShowTextEP7GString	None	19e12c:	fmadd	d8, d0, d8, d6
_ZN3Gfx10doShowTextEP7GString	None	19e1ac:	fmadd	d8, d6, d4, d8
_ZN3Gfx10doShowTextEP7GString	None	19e1dc:	fmadd	d5, d4, d5, d0
_ZN3Gfx10doShowTextEP7GString	None	19e1e0:	fmadd	d4, d4, d2, d1
_ZN3Gfx10doShowTextEP7GString	None	19e2dc:	fmadd	d1, d5, d3, d1
_ZN3Gfx10doShowTextEP7GString	None	19e2e0:	fmadd	d2, d5, d6, d2
_ZN3Gfx10doShowTextEP7GString	None	19e2ec:	fmadd	d5, d7, d6, d5
_ZN3Gfx10doShowTextEP7GString	None	19e2f0:	fmadd	d4, d7, d3, d4
_ZN3Gfx10doShowTextEP7GString	None	19e31c:	fmsub	d8, d2, d11, d8
_ZN3Gfx10doShowTextEP7GString	None	19e320:	fmsub	d10, d5, d11, d10
_ZN3Gfx10doShowTextEP7GString	None	19e324:	fmadd	d9, d2, d11, d9
_ZN3Gfx10doShowTextEP7GString	None	19e328:	fmadd	d11, d5, d11, d0
_ZN3Gfx10doShowTextEP7GString	None	19e534:	fmadd	d0, d11, d2, d0
_ZN3Gfx10doShowTextEP7GString	None	19e538:	fmadd	d1, d11, d1, d8
_ZN3Gfx10doShowTextEP7GString	None	19e5d8:	fmadd	d0, d5, d4, d0
_ZN3Gfx10doShowTextEP7GString	None	19e5dc:	fmadd	d3, d15, d4, d3
_ZN3Gfx10doShowTextEP7GString	None	19e5e0:	fmadd	d1, d6, d5, d1
_ZN3Gfx10doShowTextEP7GString	None	19e5e4:	fmadd	d4, d6, d15, d2
_ZN3Gfx10doShowTextEP7GString	None	19e600:	fmadd	d1, d1, d8, d2
_ZN3Gfx10doShowTextEP7GString	None	19e604:	fmadd	d15, d4, d8, d15
_ZN3Gfx10doShowTextEP7GString	None	19e624:	fmadd	d3, d15, d6, d3
_ZN3Gfx10doShowTextEP7GString	None	19e628:	fmadd	d0, d1, d6, d0
_ZN3Gfx10doShowTextEP7GString	None	19e6e4:	fmadd	d4, d14, d2, d4
_ZN3Gfx10doShowTextEP7GString	None	19e6e8:	fmadd	d5, d14, d8, d5
_ZN3Gfx10doShowTextEP7GString	None	19e6fc:	fmadd	d11, d0, d16, d11
_ZN3Gfx10doShowTextEP7GString	None	19e704:	fmadd	d8, d0, d8, d1
_ZN3Gfx10doShowTextEP7GString	None	19e778:	fmadd	d2, d3, d6, d2
_ZN3Gfx10doShowTextEP7GString	None	19e77c:	fmadd	d3, d3, d5, d4
_ZN3Gfx10doShowTextEP7GString	None	19e824:	fmadd	d0, d8, d1, d0
_ZN3Gfx10doShowTextEP7GString	None	19e8b8:	fmsub	d8, d2, d11, d8
_ZN3Gfx10doShowTextEP7GString	None	19e8bc:	fmadd	d9, d2, d11, d9
_ZN3Gfx10doShowTextEP7GString	None	19e8c0:	fmsub	d10, d5, d11, d10
_ZN3Gfx10doShowTextEP7GString	None	19e8c4:	fmadd	d11, d5, d11, d0
_ZN3Gfx14opMoveShowTextEP6Objecti	None	19ef78:	fmadd	d1, d3, d6, d1
_ZN3Gfx14opMoveShowTextEP6Objecti	None	19ef7c:	fmadd	d0, d3, d5, d0
_ZN3Gfx17opMoveSetShowTextEP6Objecti	None	19f13c:	fmadd	d1, d3, d7, d1
_ZN3Gfx17opMoveSetShowTextEP6Objecti	None	19f140:	fmadd	d0, d3, d6, d0
_ZN22GfxDeviceRGBColorSpace7getGrayEP8GfxColorPi18GfxRenderingIntent	None	19fe08:	fmadd	d0, d6, d2, d0
_ZN22GfxDeviceRGBColorSpace7getGrayEP8GfxColorPi18GfxRenderingIntent	None	19fe10:	fmadd	d0, d5, d4, d0
_ZN19GfxCalRGBColorSpace7getGrayEP8GfxColorPi18GfxRenderingIntent	None	19ff38:	fmadd	d0, d6, d5, d0
_ZN19GfxCalRGBColorSpace7getGrayEP8GfxColorPi18GfxRenderingIntent	None	19ff40:	fmadd	d0, d4, d3, d0
_ZN23GfxDeviceCMYKColorSpace7getGrayEP8GfxColorPi18GfxRenderingIntent	None	19ffb0:	fmsub	d0, d6, d0, d1
_ZN23GfxDeviceCMYKColorSpace7getGrayEP8GfxColorPi18GfxRenderingIntent	None	19ffb8:	fmsub	d0, d5, d4, d0
_ZN23GfxDeviceCMYKColorSpace7getGrayEP8GfxColorPi18GfxRenderingIntent	None	19ffbc:	fmsub	d0, d1, d3, d0
_ZN23GfxDeviceCMYKColorSpace6getRGBEP8GfxColorP6GfxRGB18GfxRenderingIntent	None	1a00e4:	fmadd	d4, d1, d5, d4
_ZN23GfxDeviceCMYKColorSpace6getRGBEP8GfxColorP6GfxRGB18GfxRenderingIntent	None	1a00e8:	fmadd	d2, d1, d5, d2
_ZN23GfxDeviceCMYKColorSpace6getRGBEP8GfxColorP6GfxRGB18GfxRenderingIntent	None	1a00f4:	fmadd	d3, d1, d5, d3
_ZN23GfxDeviceCMYKColorSpace6getRGBEP8GfxColorP6GfxRGB18GfxRenderingIntent	None	1a0104:	fmadd	d2, d9, d27, d2
_ZN23GfxDeviceCMYKColorSpace6getRGBEP8GfxColorP6GfxRGB18GfxRenderingIntent	None	1a0114:	fmadd	d3, d23, d10, d3
_ZN23GfxDeviceCMYKColorSpace6getRGBEP8GfxColorP6GfxRGB18GfxRenderingIntent	None	1a0120:	fmadd	d2, d22, d26, d2
_ZN23GfxDeviceCMYKColorSpace6getRGBEP8GfxColorP6GfxRGB18GfxRenderingIntent	None	1a0128:	fmadd	d4, d22, d8, d4
_ZN23GfxDeviceCMYKColorSpace6getRGBEP8GfxColorP6GfxRGB18GfxRenderingIntent	None	1a0130:	fmadd	d3, d20, d21, d3
_ZN23GfxDeviceCMYKColorSpace6getRGBEP8GfxColorP6GfxRGB18GfxRenderingIntent	None	1a0140:	fmadd	d2, d20, d8, d2
_ZN23GfxDeviceCMYKColorSpace6getRGBEP8GfxColorP6GfxRGB18GfxRenderingIntent	None	1a0148:	fmadd	d4, d23, d30, d4
_ZN23GfxDeviceCMYKColorSpace6getRGBEP8GfxColorP6GfxRGB18GfxRenderingIntent	None	1a0150:	fmadd	d3, d1, d29, d3
_ZN23GfxDeviceCMYKColorSpace6getRGBEP8GfxColorP6GfxRGB18GfxRenderingIntent	None	1a0160:	fmadd	d1, d1, d28, d2
_ZN23GfxDeviceCMYKColorSpace6getRGBEP8GfxColorP6GfxRGB18GfxRenderingIntent	None	1a0168:	fmadd	d4, d19, d21, d4
_ZN23GfxDeviceCMYKColorSpace6getRGBEP8GfxColorP6GfxRGB18GfxRenderingIntent	None	1a0170:	fmadd	d2, d31, d21, d3
_ZN23GfxDeviceCMYKColorSpace6getRGBEP8GfxColorP6GfxRGB18GfxRenderingIntent	None	1a0178:	fmadd	d1, d31, d25, d1
_ZN23GfxDeviceCMYKColorSpace6getRGBEP8GfxColorP6GfxRGB18GfxRenderingIntent	None	1a0180:	fmadd	d3, d20, d24, d4
_ZN23GfxDeviceCMYKColorSpace6getRGBEP8GfxColorP6GfxRGB18GfxRenderingIntent	None	1a0188:	fmadd	d2, d22, d11, d2
_ZN23GfxDeviceCMYKColorSpace6getRGBEP8GfxColorP6GfxRGB18GfxRenderingIntent	None	1a0194:	fmadd	d1, d22, d27, d1
_ZN23GfxDeviceCMYKColorSpace6getRGBEP8GfxColorP6GfxRGB18GfxRenderingIntent	None	1a0198:	fmadd	d3, d6, d26, d3
_ZN23GfxDeviceCMYKColorSpace6getRGBEP8GfxColorP6GfxRGB18GfxRenderingIntent	None	1a01a4:	fmadd	d2, d5, d10, d2
_ZN23GfxDeviceCMYKColorSpace6getRGBEP8GfxColorP6GfxRGB18GfxRenderingIntent	None	1a01a8:	fmadd	d0, d7, d0, d1
_ZN23GfxDeviceCMYKColorSpace6getRGBEP8GfxColorP6GfxRGB18GfxRenderingIntent	None	1a01b0:	fmadd	d3, d5, d9, d3
_ZN23GfxDeviceCMYKColorSpace6getRGBEP8GfxColorP6GfxRGB18GfxRenderingIntent	None	1a01b8:	fmadd	d1, d16, d23, d2
_ZN23GfxDeviceCMYKColorSpace6getRGBEP8GfxColorP6GfxRGB18GfxRenderingIntent	None	1a01c0:	fmadd	d0, d5, d8, d0
_ZN23GfxDeviceCMYKColorSpace6getRGBEP8GfxColorP6GfxRGB18GfxRenderingIntent	None	1a01c8:	fmadd	d2, d18, d21, d3
_ZN23GfxDeviceCMYKColorSpace6getRGBEP8GfxColorP6GfxRGB18GfxRenderingIntent	None	1a01d0:	fmadd	d0, d18, d19, d0
_ZN23GfxDeviceCMYKColorSpace6getRGBEP8GfxColorP6GfxRGB18GfxRenderingIntent	None	1a01d4:	fmadd	d1, d18, d17, d1
_ZN16GfxLabColorSpace7getGrayEP8GfxColorPi18GfxRenderingIntent	None	1a02f8:	fmadd	d0, d6, d5, d0
_ZN16GfxLabColorSpace7getGrayEP8GfxColorPi18GfxRenderingIntent	None	1a0300:	fmadd	d0, d4, d3, d0
_ZN16GfxLabColorSpace6getRGBEP8GfxColorP6GfxRGB18GfxRenderingIntent	None	1a0ed8:	fmadd	d0, d6, d1, d0
_ZN16GfxLabColorSpace6getRGBEP8GfxColorP6GfxRGB18GfxRenderingIntent	None	1a0fb8:	fmadd	d4, d2, d6, d4
_ZN16GfxLabColorSpace6getRGBEP8GfxColorP6GfxRGB18GfxRenderingIntent	None	1a0fdc:	fmadd	d0, d1, d9, d4
_ZN16GfxLabColorSpace6getRGBEP8GfxColorP6GfxRGB18GfxRenderingIntent	None	1a0fe8:	fmadd	d8, d2, d7, d8
_ZN16GfxLabColorSpace6getRGBEP8GfxColorP6GfxRGB18GfxRenderingIntent	None	1a0fec:	fmadd	d2, d2, d6, d3
_ZN16GfxLabColorSpace6getRGBEP8GfxColorP6GfxRGB18GfxRenderingIntent	None	1a0ffc:	fmadd	d8, d1, d3, d8
_ZN16GfxLabColorSpace6getRGBEP8GfxColorP6GfxRGB18GfxRenderingIntent	None	1a1004:	fmadd	d9, d1, d9, d2
_ZN16GfxLabColorSpace5parseEP5Arrayi	None	1a26cc:	fmadd	d1, d3, d6, d1
_ZN16GfxLabColorSpace5parseEP5Arrayi	None	1a26d8:	fmadd	d0, d3, d5, d0
_ZN16GfxLabColorSpace5parseEP5Arrayi	None	1a26e4:	fmadd	d2, d3, d4, d2
_ZN16GfxLabColorSpace5parseEP5Arrayi	None	1a26fc:	fmadd	d1, d4, d7, d1
_ZN16GfxLabColorSpace5parseEP5Arrayi	None	1a2700:	fmadd	d0, d4, d6, d0
_ZN16GfxLabColorSpace5parseEP5Arrayi	None	1a2708:	fmadd	d2, d4, d5, d2
_ZN20GfxIndexedColorSpace14mapColorToBaseEP8GfxColorS1_	None	1a2b38:	fmadd	d0, d2, d1, d0
_ZN20GfxIndexedColorSpace14mapColorToBaseEP8GfxColorS1_	None	1a2ba8:	fmadd	d0, d1, d2, d0
_ZN25GfxGouraudTriangleShading5parseEiP4DictP6Stream	None	1a788c:	fmadd	d1, d1, d8, d10
_ZN25GfxGouraudTriangleShading5parseEiP4DictP6Stream	None	1a7890:	fmadd	d0, d0, d9, d11
_ZN25GfxGouraudTriangleShading5parseEiP4DictP6Stream	None	1a78d0:	fmadd	d0, d2, d1, d0
_ZN25GfxGouraudTriangleShading5parseEiP4DictP6Stream	None	1a7a90:	fmadd	d1, d1, d8, d10
_ZN25GfxGouraudTriangleShading5parseEiP4DictP6Stream	None	1a7a94:	fmadd	d0, d9, d0, d11
_ZN25GfxGouraudTriangleShading5parseEiP4DictP6Stream	None	1a7c68:	fmadd	d1, d8, d1, d10
_ZN25GfxGouraudTriangleShading5parseEiP4DictP6Stream	None	1a7c6c:	fmadd	d0, d9, d0, d11
_ZN25GfxGouraudTriangleShading5parseEiP4DictP6Stream	None	1a7e40:	fmadd	d1, d8, d1, d10
_ZN25GfxGouraudTriangleShading5parseEiP4DictP6Stream	None	1a7e44:	fmadd	d0, d9, d0, d11
_ZN25GfxGouraudTriangleShading5parseEiP4DictP6Stream	None	1a7e88:	fmadd	d1, d1, d8, d10
_ZN25GfxGouraudTriangleShading5parseEiP4DictP6Stream	None	1a7e8c:	fmadd	d0, d9, d0, d11
_ZN19GfxPatchMeshShading5parseEiP4DictP6Stream	None	1a88c8:	fmadd	d1, d1, d9, d11
_ZN19GfxPatchMeshShading5parseEiP4DictP6Stream	None	1a88cc:	fmadd	d0, d0, d8, d10
_ZN19GfxPatchMeshShading5parseEiP4DictP6Stream	None	1a8928:	fmadd	d0, d2, d1, d0
_ZN19GfxPatchMeshShading5parseEiP4DictP6Stream	None	1a9300:	fmadd	d1, d24, d10, d1
_ZN19GfxPatchMeshShading5parseEiP4DictP6Stream	None	1a9318:	fmsub	d1, d30, d9, d1
_ZN19GfxPatchMeshShading5parseEiP4DictP6Stream	None	1a9320:	fmadd	d0, d13, d10, d0
_ZN19GfxPatchMeshShading5parseEiP4DictP6Stream	None	1a933c:	fmadd	d4, d4, d8, d1
_ZN19GfxPatchMeshShading5parseEiP4DictP6Stream	None	1a9340:	fmsub	d0, d30, d9, d0
_ZN19GfxPatchMeshShading5parseEiP4DictP6Stream	None	1a9360:	fmadd	d0, d28, d8, d0
_ZN19GfxPatchMeshShading5parseEiP4DictP6Stream	None	1a9364:	fmadd	d12, d19, d10, d12
_ZN19GfxPatchMeshShading5parseEiP4DictP6Stream	None	1a9368:	fmadd	d6, d17, d10, d6
_ZN19GfxPatchMeshShading5parseEiP4DictP6Stream	None	1a937c:	fmadd	d26, d20, d10, d26
_ZN19GfxPatchMeshShading5parseEiP4DictP6Stream	None	1a9380:	fmadd	d27, d21, d10, d27
_ZN19GfxPatchMeshShading5parseEiP4DictP6Stream	None	1a9384:	fmadd	d3, d18, d10, d3
_ZN19GfxPatchMeshShading5parseEiP4DictP6Stream	None	1a9388:	fmadd	d29, d22, d10, d29
_ZN19GfxPatchMeshShading5parseEiP4DictP6Stream	None	1a9390:	fmsub	d26, d2, d9, d26
_ZN19GfxPatchMeshShading5parseEiP4DictP6Stream	None	1a9394:	fmsub	d4, d1, d9, d12
_ZN19GfxPatchMeshShading5parseEiP4DictP6Stream	None	1a9398:	fmsub	d27, d2, d9, d27
_ZN19GfxPatchMeshShading5parseEiP4DictP6Stream	None	1a939c:	fmsub	d3, d28, d9, d3
_ZN19GfxPatchMeshShading5parseEiP4DictP6Stream	None	1a93a0:	fmsub	d2, d28, d9, d6
_ZN19GfxPatchMeshShading5parseEiP4DictP6Stream	None	1a93a4:	fmsub	d1, d1, d9, d29
_ZN19GfxPatchMeshShading5parseEiP4DictP6Stream	None	1a93b0:	fmadd	d4, d23, d8, d4
_ZN19GfxPatchMeshShading5parseEiP4DictP6Stream	None	1a93b4:	fmadd	d6, d25, d8, d26
_ZN19GfxPatchMeshShading5parseEiP4DictP6Stream	None	1a93b8:	fmadd	d0, d14, d8, d3
_ZN19GfxPatchMeshShading5parseEiP4DictP6Stream	None	1a93bc:	fmadd	d5, d5, d8, d27
_ZN19GfxPatchMeshShading5parseEiP4DictP6Stream	None	1a93c0:	fmadd	d1, d16, d8, d1
_ZN19GfxPatchMeshShading5parseEiP4DictP6Stream	None	1a93c4:	fmadd	d2, d15, d8, d2
_ZN16GfxImageColorMapC1EiP6ObjectP13GfxColorSpacei	None	1aa108:	fmadd	d0, d1, d2, d0
_ZN8GfxState15getUserClipBBoxEPdS0_S0_S0_	None	1abc28:	fnmsub	d18, d1, d7, d18
_ZN8GfxState15getUserClipBBoxEPdS0_S0_S0_	None	1abc38:	fnmsub	d2, d3, d17, d2
_ZN8GfxState15getUserClipBBoxEPdS0_S0_S0_	None	1abc3c:	fnmsub	d0, d6, d19, d0
_ZN8GfxState15getUserClipBBoxEPdS0_S0_S0_	None	1abc68:	fmadd	d18, d7, d5, d16
_ZN8GfxState15getUserClipBBoxEPdS0_S0_S0_	None	1abc6c:	fmadd	d20, d7, d5, d3
_ZN8GfxState15getUserClipBBoxEPdS0_S0_S0_	None	1abc78:	fmadd	d17, d6, d5, d4
_ZN8GfxState15getUserClipBBoxEPdS0_S0_S0_	None	1abc7c:	fmadd	d5, d6, d5, d1
_ZN8GfxState14transformWidthEd	None	1abdc8:	fmadd	d1, d1, d1, d3
_ZN8GfxState22getTransformedFontSizeEv	None	1abe28:	fmadd	d1, d5, d3, d2
_ZN8GfxState22getTransformedFontSizeEv	None	1abe2c:	fmadd	d0, d4, d3, d0
_ZN8GfxState22getTransformedFontSizeEv	None	1abe34:	fmadd	d0, d0, d0, d1
_ZN8GfxState15getFontTransMatEPdS0_S0_S0_	None	1abe6c:	fmadd	d0, d4, d3, d0
_ZN8GfxState15getFontTransMatEPdS0_S0_S0_	None	1abe98:	fmadd	d0, d4, d3, d0
_ZN8GfxState15getFontTransMatEPdS0_S0_S0_	None	1abec0:	fmadd	d0, d3, d2, d0
_ZN8GfxState15getFontTransMatEPdS0_S0_S0_	None	1abee4:	fmadd	d0, d3, d2, d0
_ZN8GfxState9concatCTMEdddddd	None	1abf6c:	fmadd	d16, d18, d4, d16
_ZN8GfxState9concatCTMEdddddd	None	1abf70:	fmadd	d5, d17, d4, d5
_ZN8GfxState9concatCTMEdddddd	None	1abf84:	fmadd	d4, d17, d0, d4
_ZN8GfxState9concatCTMEdddddd	None	1abf88:	fmadd	d7, d18, d2, d7
_ZN8GfxState9concatCTMEdddddd	None	1abf8c:	fmadd	d0, d18, d0, d1
_ZN8GfxState9concatCTMEdddddd	None	1abf90:	fmadd	d6, d17, d2, d6
_ZN8GfxState4clipEv	None	1ac314:	fmadd	d1, d20, d2, d1
_ZN8GfxState4clipEv	None	1ac318:	fmadd	d0, d19, d2, d0
_ZN8GfxState16clipToStrokePathEv	None	1ac598:	fmadd	d5, d6, d10, d1
_ZN8GfxState16clipToStrokePathEv	None	1ac59c:	fmadd	d7, d6, d10, d2
_ZN8GfxState16clipToStrokePathEv	None	1ac5a8:	fmadd	d4, d3, d10, d11
_ZN8GfxState16clipToStrokePathEv	None	1ac5ac:	fmadd	d0, d3, d10, d12
_ZN8GfxState16clipToStrokePathEv	None	1ac6e8:	fmadd	d0, d1, d1, d0
_ZN8GfxState16clipToStrokePathEv	None	1ac730:	fmadd	d0, d15, d15, d0
_ZN8GfxState16clipToStrokePathEv	None	1ac788:	fnmadd	d0, d1, d15, d0
_ZN8GfxState16clipToStrokePathEv	None	1ac7f8:	fnmsub	d15, d1, d2, d15
_ZN8GfxState16clipToStrokePathEv	None	1ac858:	fmadd	d1, d0, d1, d8
_ZN8GfxState16clipToStrokePathEv	None	1ac85c:	fmadd	d3, d0, d3, d9
_ZN8GfxState10clipToRectEdddd	None	1ac954:	fmadd	d16, d1, d17, d6
_ZN8GfxState10clipToRectEdddd	None	1ac958:	fmadd	d18, d1, d17, d5
_ZN8GfxState10clipToRectEdddd	None	1ac964:	fmadd	d7, d1, d21, d0
_ZN8GfxState10clipToRectEdddd	None	1ac968:	fmadd	d1, d1, d21, d2
_ZN8GfxState9textShiftEdd	None	1acad8:	fmadd	d2, d0, d3, d2
_ZN8GfxState9textShiftEdd	None	1acadc:	fmadd	d1, d0, d5, d1
_ZN9JPXStream18inverseTransform1DEP11JPXTileCompPijj.part.0	None	1b8ff8:	fmsub	d0, d1, d2, d0
_ZN9JPXStream18inverseTransform1DEP11JPXTileCompPijj.part.0	None	1b9048:	fmsub	d0, d1, d2, d0
_ZN9JPXStream18inverseTransform1DEP11JPXTileCompPijj.part.0	None	1b9098:	fmadd	d0, d1, d2, d0
_ZN9JPXStream18inverseTransform1DEP11JPXTileCompPijj.part.0	None	1b90f0:	fmadd	d0, d1, d2, d0
_ZN9JPXStream21inverseMultiCompAndDCEP7JPXTile	None	1bae04:	fmsub	d2, d1, d7, d0
_ZN9JPXStream21inverseMultiCompAndDCEP7JPXTile	None	1bae08:	fmadd	d1, d1, d5, d0
_ZN9JPXStream21inverseMultiCompAndDCEP7JPXTile	None	1bae0c:	fmadd	d0, d4, d16, d0
_ZN9JPXStream21inverseMultiCompAndDCEP7JPXTile	None	1bae10:	fmsub	d2, d4, d6, d2
_ZN5Lexer6getObjEP6Object	None	1c1d10:	fmadd	d8, d8, d10, d0
_ZN5Lexer6getObjEP6Object	None	1c227c:	fmadd	d8, d0, d9, d8
_Z17drawPDF417BarcodeddddiP7GStringS0_	None	1c4e18:	fmadd	d9, d1, d9, d0
_Z17drawPDF417BarcodeddddiP7GStringS0_	None	1c4e64:	fmsub	d10, d8, d2, d10
_Z17drawPDF417BarcodeddddiP7GStringS0_	None	1c4e68:	fmsub	d11, d1, d9, d11
_ZN10XFAScanner14getMeasurementEP7GString	None	1c6e10:	fmadd	d0, d0, d3, d1
_ZN10XFAScanner14getMeasurementEP7GString	None	1c6ec8:	fmadd	d0, d2, d1, d0
_ZN15SampledFunction9transformEPdS0_	None	1cbbc8:	fmadd	d0, d1, d2, d0
_ZN15SampledFunction9transformEPdS0_	None	1cbd0c:	fmadd	d0, d3, d1, d0
_ZN15SampledFunction9transformEPdS0_	None	1cbd3c:	fmadd	d0, d2, d1, d0
_ZN17StitchingFunction9transformEPdS0_	None	1cbee8:	fmadd	d0, d0, d2, d1
_ZN19ExponentialFunction9transformEPdS0_	None	1cbfb8:	fmadd	d0, d0, d1, d8
