class	group	site	x86_64_insns	aarch64_insns	functions
DIV	kpathsea	hash.c:245	1	1	hash_print
DIV	kpathsea	hash.c:44	3	3	hash_insert,hash_lookup,hash_remove
DIV	kpathsea	tex-make.c:57	1	0	kpathsea_make_tex
DIV	kpathsea	tex-make.c:58	0	1	kpathsea_make_tex
DIV	kpathsea	tex-make.c:65	1	1	kpathsea_make_tex
DIV	kpathsea	tex-make.c:68	1	1	kpathsea_make_tex
DIV	libpng	png.c:3446	1	1	png_build_16bit_table
DIV	libpng	pngread.c:2060	1	1	png_image_read_colormap
DIV	libpng	pngread.c:4107	1	1	png_image_finish_read
DIV	libpng	pngread.c:4144	2	2	png_image_finish_read
DIV	libpng	pngrutil.c:1636	1	1	png_handle_sPLT
DIV	libpng	pngrutil.c:3440	1	1	png_combine_row
DIV	libpng	pngrutil.c:4394	1	1	png_read_finish_row
DIV	libpng	pngrutil.c:4401	1	1	png_read_finish_row
DIV	libpng	pngrutil.c:4441	1	1	png_read_start_row
DIV	libpng	pngwrite.c:1646	1	1	png_write_image_16bit
DIV	libpng	pngwrite.c:1795	1	1	png_write_image_8bit
DIV	libpng	pngwrite.c:1913	1	1	png_image_set_PLTE.isra.0
DIV	libpng	pngwrite.c:2014	1	1	png_image_write_main
DIV	libpng	pngwtran.c:256	0	1	png_do_write_transformations
DIV	libpng	pngwtran.c:263	1	0	png_do_write_transformations
DIV	libpng	pngwtran.c:284	0	1	png_do_write_transformations
DIV	libpng	pngwtran.c:291	1	0	png_do_write_transformations
DIV	libpng	pngwutil.c:2106	1	1	png_write_finish_row
DIV	libpng	pngwutil.c:2111	1	1	png_write_finish_row
DIV	libpng	pngwutil.c:2303	2	2	png_do_write_interlace
DIV	web2c	pdftex0.c:1176	1	1	zprintromanint
DIV	web2c	pdftex0.c:1180	1	1	zprintromanint
DIV	web2c	pdftex0.c:12698	1	1	zscandimen
DIV	web2c	pdftex0.c:12776	1	1	zscandimen
DIV	web2c	pdftex0.c:12918	5	7	scanexpr,zquotient
DIV	web2c	pdftex0.c:12961	1	1	zfract
DIV	web2c	pdftex0.c:12962	1	1	zfract
DIV	web2c	pdftex0.c:12968	1	1	zfract
DIV	web2c	pdftex0.c:12969	1	1	zfract
DIV	web2c	pdftex0.c:1333	15	15	scanexpr,zdoregistercommand,zmathglue,zmathkern,zmultandadd,zscandimen
DIV	web2c	pdftex0.c:1334	6	6	zmathglue,zmathkern,zmultandadd,zscandimen
DIV	web2c	pdftex0.c:1363	1	0	zxovern.part.0
DIV	web2c	pdftex0.c:1365	0	1	zxovern.part.0
DIV	web2c	pdftex0.c:1370	0	1	zxovern.part.0
DIV	web2c	pdftex0.c:1371	1	0	zxovern.part.0
DIV	web2c	pdftex0.c:1393	1	1	zxnoverd
DIV	web2c	pdftex0.c:1395	0	1	zxnoverd
DIV	web2c	pdftex0.c:1396	1	1	zxnoverd
DIV	web2c	pdftex0.c:1400	1	0	zxnoverd
DIV	web2c	pdftex0.c:1421	12	13	buildpage,zbadness,zhpack,ztrybreak,zvertbreak,zvpackage
DIV	web2c	pdftex0.c:1423	12	13	buildpage,zbadness,zhpack,ztrybreak,zvertbreak,zvpackage
DIV	web2c	pdftex0.c:1456	1	1	zmakefrac
DIV	web2c	pdftex0.c:1515	1	1	ztakefrac
DIV	web2c	pdftex0.c:1589	1	1	zmlog
DIV	web2c	pdftex0.c:16157	1	1	zreadfontinfo
DIV	web2c	pdftex0.c:16279	1	1	zreadfontinfo
DIV	web2c	pdftex0.c:16293	3	3	zreadfontinfo
DIV	web2c	pdftex0.c:16389	3	3	zreadfontinfo
DIV	web2c	pdftex0.c:16470	1	1	zreadfontinfo
DIV	web2c	pdftex0.c:16482	3	3	zreadfontinfo
DIV	web2c	pdftex0.c:16590	1	1	zstorescaledf
DIV	web2c	pdftex0.c:16613	2	2	zstorescaledf
DIV	web2c	pdftex0.c:1675	1	1	zabvscd
DIV	web2c	pdftex0.c:1676	1	1	zabvscd
DIV	web2c	pdftex0.c:18127	1	1	hlistout
DIV	web2c	pdftex0.c:18134	1	1	hlistout
DIV	web2c	pdftex0.c:18140	1	1	hlistout
DIV	web2c	pdftex0.c:18498	1	1	vlistout
DIV	web2c	pdftex0.c:18505	1	1	vlistout
DIV	web2c	pdftex0.c:18511	1	1	vlistout
DIV	web2c	pdftex0.c:19565	1	1	zpdfprintreal
DIV	web2c	pdftex0.c:19566	1	1	zpdfprintreal
DIV	web2c	pdftex0.c:21230	2	2	zfixexpandvalue.part.0
DIV	web2c	pdftex0.c:21329	1	1	readexpandfont
DIV	web2c	pdftex0.c:21332	1	1	readexpandfont
DIV	web2c	pdftex0.c:21430	1	1	zletterspacefont
DIV	web2c	pdftex0.c:21441	1	0	zletterspacefont
DIV	web2c	pdftex0.c:21442	0	1	zletterspacefont
DIV	web2c	pdftex0.c:21449	1	1	zletterspacefont
DIV	web2c	pdftex0.c:21457	1	1	zletterspacefont
DIV	web2c	pdftex0.c:23709	1	1	zgapamount
DIV	web2c	pdftex0.c:24298	1	1	pdfhlistout
DIV	web2c	pdftex0.c:24305	1	1	pdfhlistout
DIV	web2c	pdftex0.c:24311	1	1	pdfhlistout
DIV	web2c	pdftex0.c:24726	1	1	pdfvlistout
DIV	web2c	pdftex0.c:24733	1	1	pdfvlistout
DIV	web2c	pdftex0.c:24739	1	1	pdfvlistout
DIV	web2c	pdftex0.c:2838	0	2	zdividescaled,zpdfshipout
DIV	web2c	pdftex0.c:2839	2	0	zdividescaled,zpdfshipout
DIV	web2c	pdftex0.c:2842	1	1	zdividescaled
DIV	web2c	pdftex0.c:2851	2	2	zdividescaled,zpdfshipout
DIV	web2c	pdftex0.c:2870	1	1	zroundxnoverd
DIV	web2c	pdftex0.c:2873	1	1	zroundxnoverd
DIV	web2c	pdftex0.c:2874	1	0	zroundxnoverd
DIV	web2c	pdftex0.c:2875	0	1	zroundxnoverd
DIV	web2c	pdftex0.c:2891	1	1	zisbitset
DIV	web2c	pdftex0.c:30424	1	1	ztrybreak
DIV	web2c	pdftex0.c:30425	1	1	ztrybreak
DIV	web2c	pdftex0.c:30435	2	2	ztrybreak
DIV	web2c	pdftex0.c:9032	1	1	showcontext
DIV	web2c	pdftex0.c:9044	1	1	showcontext
DIV	web2c	pdftex0.c:91	1	1	zprintchar
DIV	web2c	pdftexini.c:2334	1	1	prefixedcommand
DIV	web2c	pdftexini.c:2569	1	0	prefixedcommand
DIV	web2c	pdftexini.c:2571	1	0	prefixedcommand
DIV	web2c	pdftexini.c:5661	1	1	mainbody
DIV	web2c	pdftexini.c:793	1	1	ztrienode
DIV	web2c	synctex.c:1295	1	1	synctexpdfrefxform
DIV	web2c	synctex.c:1299	1	1	synctexpdfrefxform
DIV	web2c	synctex.c:1703	1	1	synctexcurrent
DIV	web2c	synctex.c:1707	1	1	synctexcurrent
DIV	web2c	synctex.c:1732	1	1	synctex_prepare_content.part.0
DIV	web2c	synctex.c:1840	4	4	synctexvoidvlist
DIV	web2c	synctex.c:1848	1	1	synctexvoidvlist
DIV	web2c	synctex.c:1878	4	4	synctexvlist
DIV	web2c	synctex.c:1886	1	1	synctexvlist
DIV	web2c	synctex.c:1922	4	4	synctexvoidhlist
DIV	web2c	synctex.c:1930	1	1	synctexvoidhlist
DIV	web2c	synctex.c:1954	4	4	synctexhlist
DIV	web2c	synctex.c:1962	1	1	synctexhlist
DIV	web2c	synctex.c:2043	1	1	synctexhorizontalruleorglue
DIV	web2c	synctex.c:2063	2	2	synctex_record_node_kern
DIV	web2c	synctex.c:2069	1	1	synctex_record_node_kern
DIV	web2c	synctex.c:2090	5	5	synctexhorizontalruleorglue
DIV	web2c	synctex.c:2096	1	1	synctexhorizontalruleorglue
DIV	web2c	synctex.c:2117	1	1	synctex_record_node_math
DIV	web2c	synctex.c:2122	1	1	synctex_record_node_math
DIV	web2c	synctex.c:2142	1	1	synctex_record_node_char
DIV	web2c	synctex.c:2145	1	1	synctex_record_node_char
DIV	web2c	synctex.c:2163	1	1	synctex_record_node_unknown
DIV	web2c	synctex.c:2167	1	1	synctex_record_node_unknown
DIV	web2c	utils.c:347	1	0	getresnameprefix
DIV	web2c	utils.c:348	0	1	getresnameprefix
DIV	web2c	writejpg.c:218	1	1	read_jpg_info
DIV	web2c	writejpg.c:222	1	1	read_jpg_info
DIV	web2c	writettf.c:209	12	12	ttf_read_head,ttf_read_hhea
DIV	web2c	writettf.c:211	14	16	ttf_read_head,ttf_read_hhea,ttf_read_pclt
DIV	web2c	writettf.c:441	1	0	ttf_read_pclt
DIV	web2c	writettf.c:445	1	0	ttf_read_pclt
DIV	xpdf	_Z10gmallocn64im	1	1	_Z10gmallocn64im
DIV	xpdf	_Z10rc4InitKeyPhiS_	1	1	_Z10rc4InitKeyPhiS_
DIV	xpdf	_Z17drawPDF417BarcodeddddiP7GStringS0_	1	1	_Z17drawPDF417BarcodeddddiP7GStringS0_
DIV	xpdf	_Z8gmallocnii	1	1	_Z8gmallocnii
DIV	xpdf	_Z9greallocnPvii	1	1	_Z9greallocnPvii
DIV	xpdf	_ZN10FoFiType1C16getDeltaIntArrayEPii	1	1	_ZN10FoFiType1C16getDeltaIntArrayEPii
DIV	xpdf	_ZN11ImageStreamC1EP6Streamiii	2	2	_ZN11ImageStreamC1EP6Streamiii
DIV	xpdf	_ZN11JBIG2Bitmap6expandEij	1	1	_ZN11JBIG2Bitmap6expandEij
DIV	xpdf	_ZN11JBIG2BitmapC1EjPS_	1	1	_ZN11JBIG2BitmapC1EjPS_
DIV	xpdf	_ZN11JBIG2BitmapC1Ejii	1	1	_ZN11JBIG2BitmapC1Ejii
DIV	xpdf	_ZN11JBIG2Stream15readPageInfoSegEj	1	1	_ZN11JBIG2Stream15readPageInfoSegEj
DIV	xpdf	_ZN11JBIG2Stream18readPatternDictSegEjj	1	1	_ZN11JBIG2Stream18readPatternDictSegEjj
DIV	xpdf	_ZN11JBIG2Stream21readHalftoneRegionSegEjiijPjj	2	2	_ZN11JBIG2Stream21readHalftoneRegionSegEjiijPjj
DIV	xpdf	_ZN12FoFiTrueType5parseEii	1	1	_ZN12FoFiTrueType5parseEii
DIV	xpdf	_ZN14NameToCharCode3addEPKcj	2	2	_ZN14NameToCharCode3addEPKcj
DIV	xpdf	_ZN14NameToCharCode4hashEPKc	1	1	_ZN14NameToCharCode4hashEPKc
DIV	xpdf	_ZN14NameToCharCode6lookupEPKc	1	1	_ZN14NameToCharCode6lookupEPKc
DIV	xpdf	_ZN15SampledFunctionC1EP6ObjectP4Dict	1	1	_ZN15SampledFunctionC1EP6ObjectP4Dict
DIV	xpdf	_ZN15StreamPredictorC1EP6Streamiiii	2	2	_ZN15StreamPredictorC1EP6Streamiiii
DIV	xpdf	_ZN17BuiltinFontWidths4hashEPKc	1	1	_ZN17BuiltinFontWidths4hashEPKc
DIV	xpdf	_ZN17BuiltinFontWidths8getWidthEPKcPt	1	1	_ZN17BuiltinFontWidths8getWidthEPKcPt
DIV	xpdf	_ZN17BuiltinFontWidthsC1EP16BuiltinFontWidthi	1	1	_ZN17BuiltinFontWidthsC1EP16BuiltinFontWidthi
DIV	xpdf	_ZN18PostScriptFunction4execEPdi	5	5	_ZN18PostScriptFunction4execEPdi
DIV	xpdf	_ZN20GfxIndexedColorSpace5parseEP5Arrayi	1	1	_ZN20GfxIndexedColorSpace5parseEP5Arrayi
DIV	xpdf	_ZN25GfxGouraudTriangleShading5parseEiP4DictP6Stream	1	1	_ZN25GfxGouraudTriangleShading5parseEiP4DictP6Stream
DIV	xpdf	_ZN4Dict2isEPKc	1	1	_ZN4Dict2isEPKc
DIV	xpdf	_ZN4Dict3addEPcP6Object	2	2	_ZN4Dict3addEPcP6Object
DIV	xpdf	_ZN4Dict4hashEPKc	1	1	_ZN4Dict4hashEPKc
DIV	xpdf	_ZN4Dict6expandEv	1	1	_ZN4Dict6expandEv
DIV	xpdf	_ZN4Dict6lookupEPKcP6Objecti	1	1	_ZN4Dict6lookupEPKcP6Objecti
DIV	xpdf	_ZN4Dict8lookupNFEPKcP6Object	1	1	_ZN4Dict8lookupNFEPKcP6Object
DIV	xpdf	_ZN5GHash3addEP7GStringPv	1	1	_ZN5GHash3addEP7GStringPv
DIV	xpdf	_ZN5GHash3addEP7GStringi	1	1	_ZN5GHash3addEP7GStringi
DIV	xpdf	_ZN5GHash4findEP7GStringPi	1	1	_ZN5GHash4findEP7GStringPi
DIV	xpdf	_ZN5GHash4findEPKcPi	1	1	_ZN5GHash4findEPKcPi
DIV	xpdf	_ZN5GHash4hashEP7GString	2	2	_ZN5GHash4hashEP7GString
DIV	xpdf	_ZN5GHash4hashEPKc	1	1	_ZN5GHash4hashEPKc
DIV	xpdf	_ZN5GHash6expandEv	1	1	_ZN5GHash6expandEv
DIV	xpdf	_ZN7GString10formatUIntEyPciiiiPPKcPi	1	1	_ZN7GString10formatUIntEyPciiiiPPKcPi
DIV	xpdf	_ZN7GString9formatIntExPciiiiPPKcPi	1	1	_ZN7GString9formatIntExPciiiiPPKcPi
DIV	xpdf	_ZN8Type1COp5toIntEv	1	1	_ZN8Type1COp5toIntEv
DIV	xpdf	_ZN9DCTStream10readMCURowEv	2	2	_ZN9DCTStream10readMCURowEv
DIV	xpdf	_ZN9DCTStream11decodeImageEv	2	2	_ZN9DCTStream11decodeImageEv
DIV	xpdf	_ZN9DCTStream7prepareEv	6	6	_ZN9DCTStream7prepareEv
DIV	xpdf	_ZN9DCTStream8readScanEv	4	4	_ZN9DCTStream8readScanEv
DIV	xpdf	_ZN9JPXStream11fillReadBufEv	4	4	_ZN9JPXStream11fillReadBufEv
DIV	xpdf	_ZN9JPXStream12readTilePartEv	6	6	_ZN9JPXStream12readTilePartEv
DIV	xpdf	_ZN9JPXStream14readCodestreamEj	3	3	_ZN9JPXStream14readCodestreamEj
DIV	xpdf	execute_stack_op	2	2	execute_stack_op
DIV	zlib	gzread.c:458	0	1	gzfread
DIV	zlib	gzread.c:464	1	1	gzfread
DIV	zlib	gzwrite.c:297	0	1	gzfwrite
DIV	zlib	gzwrite.c:303	1	1	gzfwrite
F2I	kpathsea	magstep.c:60	1	2	kpathsea_magstep_fix
F2I	kpathsea	tex-glyph.c:132	1	1	try_resolution
F2I	kpathsea	tex-glyph.c:354	2	2	kpathsea_bitmap_tolerance,kpse_bitmap_tolerance
F2I	kpathsea	tex-glyph.c:355	4	4	kpathsea_bitmap_tolerance,kpse_bitmap_tolerance
F2I	kpathsea	tex-glyph.c:356	2	2	kpathsea_bitmap_tolerance,kpse_bitmap_tolerance
F2I	libpng	png.c:2432	1	0	png_ascii_from_fp
F2I	libpng	png.c:2537	1	1	png_ascii_from_fp
F2I	libpng	png.c:2728	1	0	png_fixed
F2I	libpng	png.c:2737	1	0	png_fixed
F2I	libpng	png.c:2738	0	1	png_fixed
F2I	libpng	png.c:2747	1	0	png_fixed_ITU
F2I	libpng	png.c:2756	1	0	png_fixed_ITU
F2I	libpng	png.c:2757	0	1	png_fixed_ITU
F2I	libpng	png.c:2787	10	0	png_XYZ_from_xy,png_muldiv,png_set_rgb_coefficients,png_xy_from_XYZ
F2I	libpng	png.c:2792	11	11	png_XYZ_from_xy,png_muldiv,png_set_rgb_coefficients,png_xy_from_XYZ
F2I	libpng	png.c:2889	4	0	png_build_gamma_table,png_reciprocal
F2I	libpng	png.c:2892	4	4	png_build_gamma_table,png_reciprocal
F2I	libpng	png.c:2960	2	0	png_build_gamma_table,png_reciprocal2
F2I	libpng	png.c:2963	2	2	png_build_gamma_table,png_reciprocal2
F2I	libpng	png.c:3302	3	0	png_build_8bit_table,png_gamma_8bit_correct,png_gamma_correct
F2I	libpng	png.c:3303	4	3	png_build_8bit_table,png_gamma_8bit_correct,png_gamma_correct
F2I	libpng	png.c:3331	3	0	png_build_gamma_table,png_gamma_16bit_correct,png_gamma_correct
F2I	libpng	png.c:3333	4	3	png_build_gamma_table,png_gamma_16bit_correct,png_gamma_correct
F2I	libpng	png.c:3426	1	0	png_build_16bit_table
F2I	libpng	png.c:3427	1	1	png_build_16bit_table
F2I	libpng	pngget.c:464	1	1	png_get_pHYs_dpi
F2I	libpng	pngget.c:465	1	1	png_get_pHYs_dpi
F2I	libpng	pngrtran.c:322	3	0	png_set_alpha_mode,png_set_gamma
F2I	libpng	pngrtran.c:327	3	1	png_set_alpha_mode,png_set_gamma
F2I	libpng	pngrtran.c:463	0	1	png_set_alpha_mode
F2I	libpng	pngrtran.c:927	0	1	png_set_gamma
F2I	web2c	mapfile.c:487	2	2	fm_scan_line
F2I	web2c	mapfile.c:491	2	2	fm_scan_line
F2I	web2c	pdftex0.c:19110	1	1	zpdfgetmem
F2I	web2c	pdftex0.c:20230	1	1	zpdfsetrule
F2I	web2c	pdftex0.c:20255	1	1	zpdfsetrule
F2I	web2c	pdftex0.c:2525	1	1	zpdfosgetosbuf
F2I	web2c	pdftex0.c:2903	1	1	zappenddestname
F2I	web2c	pdftex0.c:2922	1	1	zpdfcreateobj
F2I	web2c	pdftex0.c:3523	1	1	getmicrointerval
F2I	web2c	pdftex0.c:3525	1	1	getmicrointerval
F2I	web2c	texmfmp.c:3499	1	1	makecstring
F2I	web2c	utils.c:1496	2	2	do_matrixtransform
F2I	web2c	utils.c:1497	2	3	do_matrixtransform
F2I	web2c	utils.c:405	2	0	extxnoverd
F2I	web2c	utils.c:406	0	2	extxnoverd
F2I	web2c	writefont.c:114	1	1	create_fontdescriptor
F2I	web2c	writeimg.c:322	1	1	readimage
F2I	web2c	writejbig2.c:798	1	1	read_jbig2_info
F2I	web2c	writejbig2.c:799	1	1	read_jbig2_info
F2I	web2c	writejpg.c:236	1	1	read_jpg_info
F2I	web2c	writejpg.c:237	1	1	read_jpg_info
F2I	web2c	writejpg.c:274	1	1	read_jpg_info
F2I	web2c	writejpg.c:275	1	1	read_jpg_info
F2I	web2c	writet1.c:1427	1	1	writet1
F2I	web2c	writet1.c:1643	1	1	writet1
F2I	web2c	writet1.c:436	1	1	t1_getline
F2I	web2c	writet1.c:681	1	1	t1_scan_param
F2I	web2c	writet1.c:728	1	2	t1_scan_param
F2I	web2c	writet1.c:734	1	1	t1_scan_param
F2I	web2c	writet1.c:744	1	1	t1_scan_param
F2I	web2c	writet1.c:970	1	1	cs_store
F2I	web2c	writet3.c:137	1	1	writet3
F2I	web2c	writet3.c:169	1	0	getpkcharwidth
F2I	web2c	writet3.c:170	0	1	getpkcharwidth
F2I	web2c	writet3.c:225	1	1	writet3
F2I	web2c	writet3.c:375	1	1	writet3
F2I	web2c	writet3.c:379	1	1	writet3
F2I	web2c	writettf.c:484	1	1	ttf_read_post
F2I	web2c	zround.c:37	1	1	zround
F2I	web2c	zround.c:39	1	1	zround
F2I	xpdf	_Z17drawPDF417BarcodeddddiP7GStringS0_	3	1	_Z17drawPDF417BarcodeddddiP7GStringS0_
F2I	xpdf	_ZL10copyObjectP6Object	4	2	_ZL10copyObjectP6Object
F2I	xpdf	_ZN10FoFiType1C13cvtGlyphWidthEiP7GStringP17Type1CPrivateDict	2	2	_ZN10FoFiType1C13cvtGlyphWidthEiP7GStringP17Type1CPrivateDict
F2I	xpdf	_ZN10FoFiType1C16getDeltaIntArrayEPii	1	1	_ZN10FoFiType1C16getDeltaIntArrayEPii
F2I	xpdf	_ZN10FoFiType1C17convertToOpenTypeEPFvPvPKciES0_iPtPhi	5	5	_ZN10FoFiType1C17convertToOpenTypeEPFvPvPKciES0_iPtPhi
F2I	xpdf	_ZN10FoFiType1C6cvtNumE8Type1COpP7GString	1	1	_ZN10FoFiType1C6cvtNumE8Type1COpP7GString
F2I	xpdf	_ZN10FoFiType1C8cvtGlyphEiiP7GStringP11Type1CIndexP17Type1CPrivateDictii.part.0	6	6	_ZN10FoFiType1C8cvtGlyphEiiP7GStringP11Type1CIndexP17Type1CPrivateDictii.part.0
F2I	xpdf	_ZN10GfxShading4initEP4Dict	1	1	_ZN10GfxShading4initEP4Dict
F2I	xpdf	_ZN13AcroFormField11drawListBoxEPP7GStringPiiiS1_P11GfxFontDictidddddS1_	1	0	_ZN13AcroFormField11drawListBoxEPP7GStringPiiiS1_P11GfxFontDictidddddS1_
F2I	xpdf	_ZN13AcroFormField8drawTextEP7GStringS1_P11GfxFontDictiiiiiiidddddiS1_	2	0	_ZN13AcroFormField8drawTextEP7GStringS1_P11GfxFontDictiiiiiiidddddiS1_
F2I	xpdf	_ZN15GfxAxialShading8getColorEdP8GfxColor	1	1	_ZN15GfxAxialShading8getColorEdP8GfxColor
F2I	xpdf	_ZN15SampledFunction9transformEPdS0_	1	1	_ZN15SampledFunction9transformEPdS0_
F2I	xpdf	_ZN16GfxImageColorMapC1EiP6ObjectP13GfxColorSpacei	4	4	_ZN16GfxImageColorMapC1EiP6ObjectP13GfxColorSpacei
F2I	xpdf	_ZN16GfxLabColorSpace15getDefaultColorEP8GfxColor	2	2	_ZN16GfxLabColorSpace15getDefaultColorEP8GfxColor
F2I	xpdf	_ZN16GfxLabColorSpace6getRGBEP8GfxColorP6GfxRGB18GfxRenderingIntent	3	3	_ZN16GfxLabColorSpace6getRGBEP8GfxColorP6GfxRGB18GfxRenderingIntent
F2I	xpdf	_ZN16GfxLabColorSpace7getGrayEP8GfxColorPi18GfxRenderingIntent	1	1	_ZN16GfxLabColorSpace7getGrayEP8GfxColorPi18GfxRenderingIntent
F2I	xpdf	_ZN16GfxRadialShading8getColorEdP8GfxColor	1	1	_ZN16GfxRadialShading8getColorEdP8GfxColor
F2I	xpdf	_ZN18GfxFunctionShading8getColorEddP8GfxColor	1	1	_ZN18GfxFunctionShading8getColorEddP8GfxColor
F2I	xpdf	_ZN18PostScriptFunction4execEPdi	21	18	_ZN18PostScriptFunction4execEPdi
F2I	xpdf	_ZN19GfxCalRGBColorSpace7getGrayEP8GfxColorPi18GfxRenderingIntent	1	1	_ZN19GfxCalRGBColorSpace7getGrayEP8GfxColorPi18GfxRenderingIntent
F2I	xpdf	_ZN19GfxPatchMeshShading8getColorEPdP8GfxColor	2	2	_ZN19GfxPatchMeshShading8getColorEPdP8GfxColor
F2I	xpdf	_ZN20GfxDeviceNColorSpace6getRGBEP8GfxColorP6GfxRGB18GfxRenderingIntent	1	1	_ZN20GfxDeviceNColorSpace6getRGBEP8GfxColorP6GfxRGB18GfxRenderingIntent
F2I	xpdf	_ZN20GfxDeviceNColorSpace7getCMYKEP8GfxColorP7GfxCMYK18GfxRenderingIntent	1	1	_ZN20GfxDeviceNColorSpace7getCMYKEP8GfxColorP7GfxCMYK18GfxRenderingIntent
F2I	xpdf	_ZN20GfxDeviceNColorSpace7getGrayEP8GfxColorPi18GfxRenderingIntent	1	1	_ZN20GfxDeviceNColorSpace7getGrayEP8GfxColorPi18GfxRenderingIntent
F2I	xpdf	_ZN20GfxIndexedColorSpace14mapColorToBaseEP8GfxColorS1_	2	2	_ZN20GfxIndexedColorSpace14mapColorToBaseEP8GfxColorS1_
F2I	xpdf	_ZN21GfxICCBasedColorSpace15getDefaultColorEP8GfxColor	1	1	_ZN21GfxICCBasedColorSpace15getDefaultColorEP8GfxColor
F2I	xpdf	_ZN22GfxDeviceRGBColorSpace7getGrayEP8GfxColorPi18GfxRenderingIntent	1	1	_ZN22GfxDeviceRGBColorSpace7getGrayEP8GfxColorPi18GfxRenderingIntent
F2I	xpdf	_ZN23GfxDeviceCMYKColorSpace6getRGBEP8GfxColorP6GfxRGB18GfxRenderingIntent	3	3	_ZN23GfxDeviceCMYKColorSpace6getRGBEP8GfxColorP6GfxRGB18GfxRenderingIntent
F2I	xpdf	_ZN23GfxDeviceCMYKColorSpace7getGrayEP8GfxColorPi18GfxRenderingIntent	1	1	_ZN23GfxDeviceCMYKColorSpace7getGrayEP8GfxColorPi18GfxRenderingIntent
F2I	xpdf	_ZN23GfxSeparationColorSpace6getRGBEP8GfxColorP6GfxRGB18GfxRenderingIntent	1	1	_ZN23GfxSeparationColorSpace6getRGBEP8GfxColorP6GfxRGB18GfxRenderingIntent
F2I	xpdf	_ZN23GfxSeparationColorSpace7getCMYKEP8GfxColorP7GfxCMYK18GfxRenderingIntent	1	1	_ZN23GfxSeparationColorSpace7getCMYKEP8GfxColorP7GfxCMYK18GfxRenderingIntent
F2I	xpdf	_ZN23GfxSeparationColorSpace7getGrayEP8GfxColorPi18GfxRenderingIntent	1	1	_ZN23GfxSeparationColorSpace7getGrayEP8GfxColorPi18GfxRenderingIntent
F2I	xpdf	_ZN25GfxGouraudTriangleShading8getColorEPdP8GfxColor	2	2	_ZN25GfxGouraudTriangleShading8getColorEPdP8GfxColor
F2I	xpdf	_ZN3Gfx13opSetFillGrayEP6Objecti	1	2	_ZN3Gfx13opSetFillGrayEP6Objecti
F2I	xpdf	_ZN3Gfx14doRadialShFillEP16GfxRadialShading	1	1	_ZN3Gfx14doRadialShFillEP16GfxRadialShading
F2I	xpdf	_ZN3Gfx14opSetExtGStateEP6Objecti	1	1	_ZN3Gfx14opSetExtGStateEP6Objecti
F2I	xpdf	_ZN3Gfx14opSetFillColorEP6Objecti	1	2	_ZN3Gfx14opSetFillColorEP6Objecti
F2I	xpdf	_ZN3Gfx15opSetFillColorNEP6Objecti	2	2	_ZN3Gfx15opSetFillColorNEP6Objecti
F2I	xpdf	_ZN3Gfx15opSetStrokeGrayEP6Objecti	1	2	_ZN3Gfx15opSetStrokeGrayEP6Objecti
F2I	xpdf	_ZN3Gfx16opSetStrokeColorEP6Objecti	1	2	_ZN3Gfx16opSetStrokeColorEP6Objecti
F2I	xpdf	_ZN3Gfx17opSetFillRGBColorEP6Objecti	1	1	_ZN3Gfx17opSetFillRGBColorEP6Objecti
F2I	xpdf	_ZN3Gfx17opSetStrokeColorNEP6Objecti	2	2	_ZN3Gfx17opSetStrokeColorNEP6Objecti
F2I	xpdf	_ZN3Gfx18opSetFillCMYKColorEP6Objecti	1	1	_ZN3Gfx18opSetFillCMYKColorEP6Objecti
F2I	xpdf	_ZN3Gfx19doTilingPatternFillEP16GfxTilingPatterniii	16	8	_ZN3Gfx19doTilingPatternFillEP16GfxTilingPatterniii
F2I	xpdf	_ZN3Gfx19opSetStrokeRGBColorEP6Objecti	1	1	_ZN3Gfx19opSetStrokeRGBColorEP6Objecti
F2I	xpdf	_ZN3Gfx20opSetStrokeCMYKColorEP6Objecti	1	1	_ZN3Gfx20opSetStrokeCMYKColorEP6Objecti
F2I	xpdf	_ZN3Gfx7doImageEP6ObjectP6Streami	8	8	_ZN3Gfx7doImageEP6ObjectP6Streami
F2I	xpdf	_ZN3Gfx8drawFormEP6ObjectP4DictPdS4_iiiiiP8FunctionS1_	1	1	_ZN3Gfx8drawFormEP6ObjectP4DictPdS4_iiiiiP8FunctionS1_
F2I	xpdf	_ZN3Gfx9drawAnnotEP6ObjectP16AnnotBorderStyledddd	4	4	_ZN3Gfx9drawAnnotEP6ObjectP16AnnotBorderStyledddd
F2I	xpdf	_ZN3Gfx9opSetFlatEP6Objecti	1	1	_ZN3Gfx9opSetFlatEP6Objecti
F2I	xpdf	_ZN5Annot8drawTextEP7GStringS1_idi	1	0	_ZN5Annot8drawTextEP7GStringS1_idi
F2I	xpdf	_ZN7GString12formatDoubleEdPciiiPPKcPi	7	2	_ZN7GString12formatDoubleEdPciiiPPKcPi
F2I	xpdf	_ZN8Type1COp5toIntEv	1	1	_ZN8Type1COp5toIntEv
F2I	xpdf	_ZN9JPXStream16inverseTransformEP11JPXTileComp	1	1	_ZN9JPXStream16inverseTransformEP11JPXTileComp
F2I	xpdf	_ZN9JPXStream18inverseTransform1DEP11JPXTileCompPijj.part.0	7	7	_ZN9JPXStream18inverseTransform1DEP11JPXTileCompPijj.part.0
F2I	xpdf	_ZN9JPXStream21inverseMultiCompAndDCEP7JPXTile	3	3	_ZN9JPXStream21inverseMultiCompAndDCEP7JPXTile
F2I	xpdf	_ZN9JPXStream21inverseTransformLevelEP11JPXTileCompjP11JPXResLevel	1	1	_ZN9JPXStream21inverseTransformLevelEP11JPXTileCompjP11JPXResLevel
