class	group	site	verdict	reason
DIV	kpathsea	hash.c:245	NOT-REACHED	hash_print statistics, debug output only
DIV	kpathsea	hash.c:44	SAFE-CONST	modulo table.size, fixed positive per hash table
DIV	kpathsea	tex-make.c:57	OPEN	mktex magnification string dpi/bdpi; bdpi is the base resolution kpathsea was initialised with (pdfTeX: \pdfpkresolution, fix_int-ed); not traced to a nonzero proof. Reaches the mktexpk command line, so a generated font and the log
DIV	kpathsea	tex-make.c:58	OPEN	mktex magnification string dpi/bdpi; bdpi is the base resolution kpathsea was initialised with (pdfTeX: \pdfpkresolution, fix_int-ed); not traced to a nonzero proof. Reaches the mktexpk command line, so a generated font and the log
DIV	kpathsea	tex-make.c:65	OPEN	mktex magnification string dpi/bdpi; bdpi is the base resolution kpathsea was initialised with (pdfTeX: \pdfpkresolution, fix_int-ed); not traced to a nonzero proof. Reaches the mktexpk command line, so a generated font and the log
DIV	kpathsea	tex-make.c:68	OPEN	mktex magnification string dpi/bdpi; bdpi is the base resolution kpathsea was initialised with (pdfTeX: \pdfpkresolution, fix_int-ed); not traced to a nonzero proof. Reaches the mktexpk command line, so a generated font and the log
DIV	libpng	png.c:3446	OPEN	libpng: pixel, gamma and text-chunk arithmetic. pdfTeX reads the header with png_read_info (dimensions and resolution are computed by pdfTeX itself, writepng.c) and the pixels at shipout; these sites are on the pixel/gamma path (PDF bytes) or error paths (rc if one traps). Not traced one by one
DIV	libpng	pngread.c:2060	OPEN	libpng: pixel, gamma and text-chunk arithmetic. pdfTeX reads the header with png_read_info (dimensions and resolution are computed by pdfTeX itself, writepng.c) and the pixels at shipout; these sites are on the pixel/gamma path (PDF bytes) or error paths (rc if one traps). Not traced one by one
DIV	libpng	pngread.c:4107	OPEN	libpng: pixel, gamma and text-chunk arithmetic. pdfTeX reads the header with png_read_info (dimensions and resolution are computed by pdfTeX itself, writepng.c) and the pixels at shipout; these sites are on the pixel/gamma path (PDF bytes) or error paths (rc if one traps). Not traced one by one
DIV	libpng	pngread.c:4144	OPEN	libpng: pixel, gamma and text-chunk arithmetic. pdfTeX reads the header with png_read_info (dimensions and resolution are computed by pdfTeX itself, writepng.c) and the pixels at shipout; these sites are on the pixel/gamma path (PDF bytes) or error paths (rc if one traps). Not traced one by one
DIV	libpng	pngrutil.c:1636	OPEN	libpng: pixel, gamma and text-chunk arithmetic. pdfTeX reads the header with png_read_info (dimensions and resolution are computed by pdfTeX itself, writepng.c) and the pixels at shipout; these sites are on the pixel/gamma path (PDF bytes) or error paths (rc if one traps). Not traced one by one
DIV	libpng	pngrutil.c:3440	OPEN	libpng: pixel, gamma and text-chunk arithmetic. pdfTeX reads the header with png_read_info (dimensions and resolution are computed by pdfTeX itself, writepng.c) and the pixels at shipout; these sites are on the pixel/gamma path (PDF bytes) or error paths (rc if one traps). Not traced one by one
DIV	libpng	pngrutil.c:4394	OPEN	libpng: pixel, gamma and text-chunk arithmetic. pdfTeX reads the header with png_read_info (dimensions and resolution are computed by pdfTeX itself, writepng.c) and the pixels at shipout; these sites are on the pixel/gamma path (PDF bytes) or error paths (rc if one traps). Not traced one by one
DIV	libpng	pngrutil.c:4401	OPEN	libpng: pixel, gamma and text-chunk arithmetic. pdfTeX reads the header with png_read_info (dimensions and resolution are computed by pdfTeX itself, writepng.c) and the pixels at shipout; these sites are on the pixel/gamma path (PDF bytes) or error paths (rc if one traps). Not traced one by one
DIV	libpng	pngrutil.c:4441	OPEN	libpng: pixel, gamma and text-chunk arithmetic. pdfTeX reads the header with png_read_info (dimensions and resolution are computed by pdfTeX itself, writepng.c) and the pixels at shipout; these sites are on the pixel/gamma path (PDF bytes) or error paths (rc if one traps). Not traced one by one
DIV	libpng	pngwrite.c:1646	OPEN	libpng: pixel, gamma and text-chunk arithmetic. pdfTeX reads the header with png_read_info (dimensions and resolution are computed by pdfTeX itself, writepng.c) and the pixels at shipout; these sites are on the pixel/gamma path (PDF bytes) or error paths (rc if one traps). Not traced one by one
DIV	libpng	pngwrite.c:1795	OPEN	libpng: pixel, gamma and text-chunk arithmetic. pdfTeX reads the header with png_read_info (dimensions and resolution are computed by pdfTeX itself, writepng.c) and the pixels at shipout; these sites are on the pixel/gamma path (PDF bytes) or error paths (rc if one traps). Not traced one by one
DIV	libpng	pngwrite.c:1913	OPEN	libpng: pixel, gamma and text-chunk arithmetic. pdfTeX reads the header with png_read_info (dimensions and resolution are computed by pdfTeX itself, writepng.c) and the pixels at shipout; these sites are on the pixel/gamma path (PDF bytes) or error paths (rc if one traps). Not traced one by one
DIV	libpng	pngwrite.c:2014	OPEN	libpng: pixel, gamma and text-chunk arithmetic. pdfTeX reads the header with png_read_info (dimensions and resolution are computed by pdfTeX itself, writepng.c) and the pixels at shipout; these sites are on the pixel/gamma path (PDF bytes) or error paths (rc if one traps). Not traced one by one
DIV	libpng	pngwtran.c:256	OPEN	libpng: pixel, gamma and text-chunk arithmetic. pdfTeX reads the header with png_read_info (dimensions and resolution are computed by pdfTeX itself, writepng.c) and the pixels at shipout; these sites are on the pixel/gamma path (PDF bytes) or error paths (rc if one traps). Not traced one by one
DIV	libpng	pngwtran.c:263	OPEN	libpng: pixel, gamma and text-chunk arithmetic. pdfTeX reads the header with png_read_info (dimensions and resolution are computed by pdfTeX itself, writepng.c) and the pixels at shipout; these sites are on the pixel/gamma path (PDF bytes) or error paths (rc if one traps). Not traced one by one
DIV	libpng	pngwtran.c:284	OPEN	libpng: pixel, gamma and text-chunk arithmetic. pdfTeX reads the header with png_read_info (dimensions and resolution are computed by pdfTeX itself, writepng.c) and the pixels at shipout; these sites are on the pixel/gamma path (PDF bytes) or error paths (rc if one traps). Not traced one by one
DIV	libpng	pngwtran.c:291	OPEN	libpng: pixel, gamma and text-chunk arithmetic. pdfTeX reads the header with png_read_info (dimensions and resolution are computed by pdfTeX itself, writepng.c) and the pixels at shipout; these sites are on the pixel/gamma path (PDF bytes) or error paths (rc if one traps). Not traced one by one
DIV	libpng	pngwutil.c:2106	OPEN	libpng: pixel, gamma and text-chunk arithmetic. pdfTeX reads the header with png_read_info (dimensions and resolution are computed by pdfTeX itself, writepng.c) and the pixels at shipout; these sites are on the pixel/gamma path (PDF bytes) or error paths (rc if one traps). Not traced one by one
DIV	libpng	pngwutil.c:2111	OPEN	libpng: pixel, gamma and text-chunk arithmetic. pdfTeX reads the header with png_read_info (dimensions and resolution are computed by pdfTeX itself, writepng.c) and the pixels at shipout; these sites are on the pixel/gamma path (PDF bytes) or error paths (rc if one traps). Not traced one by one
DIV	libpng	pngwutil.c:2303	OPEN	libpng: pixel, gamma and text-chunk arithmetic. pdfTeX reads the header with png_read_info (dimensions and resolution are computed by pdfTeX itself, writepng.c) and the pixels at shipout; these sites are on the pixel/gamma path (PDF bytes) or error paths (rc if one traps). Not traced one by one
DIV	web2c	pdftex0.c:1176	SAFE-CONST	print_roman_int: divisor is a digit of the constant string "m2d5c2l5x2v5i" minus 48: 2 or 5
DIV	web2c	pdftex0.c:1180	SAFE-CONST	print_roman_int, as line 1176
DIV	web2c	pdftex0.c:12698	SAFE-GUARD	scan_dimen "true": divisor \mag, after prepare_mag forces 1 <= mag <= 32768 and only when mag <> 1000
DIV	web2c	pdftex0.c:12776	SAFE-CONST	scan_dimen: denom from the unit table (constants)
DIV	web2c	pdftex0.c:12918	SAFE-SIGN	e-TeX quotient: d = 0 is an error first, then d is negated to positive
DIV	web2c	pdftex0.c:12961	SAFE-SIGN	e-TeX fract: d = 0 goes to too_big, x = 0 and n = 0 exit before their divisions, all three are negated to positive first
DIV	web2c	pdftex0.c:12962	SAFE-SIGN	e-TeX fract: d = 0 goes to too_big, x = 0 and n = 0 exit before their divisions, all three are negated to positive first
DIV	web2c	pdftex0.c:12968	SAFE-SIGN	e-TeX fract: d = 0 goes to too_big, x = 0 and n = 0 exit before their divisions, all three are negated to positive first
DIV	web2c	pdftex0.c:12969	SAFE-SIGN	e-TeX fract: d = 0 goes to too_big, x = 0 and n = 0 exit before their divisions, all three are negated to positive first
DIV	web2c	pdftex0.c:1333	SAFE-SIGN	mult_and_add (nx_plus_y): n = 0 returns 0, n < 0 is negated before (max_answer -/+ y) div n
DIV	web2c	pdftex0.c:1334	SAFE-SIGN	mult_and_add (nx_plus_y): n = 0 returns 0, n < 0 is negated before (max_answer -/+ y) div n
DIV	web2c	pdftex0.c:1363	DIVERGES	x_over_n: the division itself cannot trap (n = 0 is an error first, n is negated), but negating x = INT_MIN is C signed overflow (UB) and the two compilers exploit it differently: aarch64 gcc 10 emits udiv for (-x) div n, x86_64 gcc 11 emits idiv of x by n. \divide of INT_MIN by INT_MIN gives -1 on aarch64 and 1 on x86_64 (probe nh-intmin, divself)
DIV	web2c	pdftex0.c:1365	DIVERGES	x_over_n: the division itself cannot trap (n = 0 is an error first, n is negated), but negating x = INT_MIN is C signed overflow (UB) and the two compilers exploit it differently: aarch64 gcc 10 emits udiv for (-x) div n, x86_64 gcc 11 emits idiv of x by n. \divide of INT_MIN by INT_MIN gives -1 on aarch64 and 1 on x86_64 (probe nh-intmin, divself)
DIV	web2c	pdftex0.c:1370	DIVERGES	x_over_n: the division itself cannot trap (n = 0 is an error first, n is negated), but negating x = INT_MIN is C signed overflow (UB) and the two compilers exploit it differently: aarch64 gcc 10 emits udiv for (-x) div n, x86_64 gcc 11 emits idiv of x by n. \divide of INT_MIN by INT_MIN gives -1 on aarch64 and 1 on x86_64 (probe nh-intmin, divself)
DIV	web2c	pdftex0.c:1371	DIVERGES	x_over_n: the division itself cannot trap (n = 0 is an error first, n is negated), but negating x = INT_MIN is C signed overflow (UB) and the two compilers exploit it differently: aarch64 gcc 10 emits udiv for (-x) div n, x86_64 gcc 11 emits idiv of x by n. \divide of INT_MIN by INT_MIN gives -1 on aarch64 and 1 on x86_64 (probe nh-intmin, divself)
DIV	web2c	pdftex0.c:1393	SAFE-CALLERS	xn_over_d: every call site passes d = 65536, 1000, a unit-table denominator, or \mag after prepare_mag (1..32768)
DIV	web2c	pdftex0.c:1395	SAFE-CALLERS	xn_over_d: every call site passes d = 65536, 1000, a unit-table denominator, or \mag after prepare_mag (1..32768)
DIV	web2c	pdftex0.c:1396	SAFE-CALLERS	xn_over_d: every call site passes d = 65536, 1000, a unit-table denominator, or \mag after prepare_mag (1..32768)
DIV	web2c	pdftex0.c:1400	SAFE-CALLERS	xn_over_d: every call site passes d = 65536, 1000, a unit-table denominator, or \mag after prepare_mag (1..32768)
DIV	web2c	pdftex0.c:1421	SAFE-GUARD	badness: s <= 0 returns inf_bad first; s div 297 >= 5601 in the branch that divides by it
DIV	web2c	pdftex0.c:1423	SAFE-GUARD	badness: s <= 0 returns inf_bad first; s div 297 >= 5601 in the branch that divides by it
DIV	web2c	pdftex0.c:1456	SAFE-CALLERS	make_frac: its only caller (norm_rand) loops until u <> 0 before make_frac(x, u); a zero q would reach p div 0 (the q = 0 test is TEXMF_DEBUG only)
DIV	web2c	pdftex0.c:1515	SAFE-GUARD	take_frac: n = f div 2^28 >= 1 in the branch that divides 2147483647 by it
DIV	web2c	pdftex0.c:1589	SAFE-CONST	m_log: divisor two_to_the[k], a power of two
DIV	web2c	pdftex0.c:16157	SAFE-CONST	read_font_info: tfm_temp div 16
DIV	web2c	pdftex0.c:16279	SAFE-GUARD	store_scaled: alpha = 16 doubled while z >= 2^23, and z < 2^27 (an at-size >= 2048pt is refused), so alpha <= 256 and beta = 256 div alpha >= 1
DIV	web2c	pdftex0.c:16293	SAFE-GUARD	store_scaled: alpha = 16 doubled while z >= 2^23, and z < 2^27 (an at-size >= 2048pt is refused), so alpha <= 256 and beta = 256 div alpha >= 1
DIV	web2c	pdftex0.c:16389	SAFE-GUARD	store_scaled: alpha = 16 doubled while z >= 2^23, and z < 2^27 (an at-size >= 2048pt is refused), so alpha <= 256 and beta = 256 div alpha >= 1
DIV	web2c	pdftex0.c:16470	SAFE-CONST	read_font_info: tfm_temp div 16
DIV	web2c	pdftex0.c:16482	SAFE-GUARD	store_scaled: alpha = 16 doubled while z >= 2^23, and z < 2^27 (an at-size >= 2048pt is refused), so alpha <= 256 and beta = 256 div alpha >= 1
DIV	web2c	pdftex0.c:16590	SAFE-GUARD	store_scaled: alpha = 16 doubled while z >= 2^23, and z < 2^27 (an at-size >= 2048pt is refused), so alpha <= 256 and beta = 256 div alpha >= 1
DIV	web2c	pdftex0.c:16613	SAFE-GUARD	store_scaled: alpha = 16 doubled while z >= 2^23, and z < 2^27 (an at-size >= 2048pt is refused), so alpha <= 256 and beta = 256 div alpha >= 1
DIV	web2c	pdftex0.c:1675	SAFE-GUARD	ab_vs_cd (METAFONT's): zero and negative b, d are handled before the loop; in the loop all four are positive
DIV	web2c	pdftex0.c:1676	SAFE-GUARD	ab_vs_cd (METAFONT's): zero and negative b, d are handled before the loop; in the loop all four are positive
DIV	web2c	pdftex0.c:18127	SAFE-GUARD	leaders in (pdf_)hlist_out/vlist_out: guarded by leader_wd > 0 (leader_ht > 0); lq + 1 >= 1 because rule_wd <= 2^30 + 10^9 (vet_glue clamps the glue) < INT_MAX
DIV	web2c	pdftex0.c:18134	SAFE-GUARD	leaders in (pdf_)hlist_out/vlist_out: guarded by leader_wd > 0 (leader_ht > 0); lq + 1 >= 1 because rule_wd <= 2^30 + 10^9 (vet_glue clamps the glue) < INT_MAX
DIV	web2c	pdftex0.c:18140	SAFE-GUARD	leaders in (pdf_)hlist_out/vlist_out: guarded by leader_wd > 0 (leader_ht > 0); lq + 1 >= 1 because rule_wd <= 2^30 + 10^9 (vet_glue clamps the glue) < INT_MAX
DIV	web2c	pdftex0.c:18498	SAFE-GUARD	leaders in (pdf_)hlist_out/vlist_out: guarded by leader_wd > 0 (leader_ht > 0); lq + 1 >= 1 because rule_wd <= 2^30 + 10^9 (vet_glue clamps the glue) < INT_MAX
DIV	web2c	pdftex0.c:18505	SAFE-GUARD	leaders in (pdf_)hlist_out/vlist_out: guarded by leader_wd > 0 (leader_ht > 0); lq + 1 >= 1 because rule_wd <= 2^30 + 10^9 (vet_glue clamps the glue) < INT_MAX
DIV	web2c	pdftex0.c:18511	SAFE-GUARD	leaders in (pdf_)hlist_out/vlist_out: guarded by leader_wd > 0 (leader_ht > 0); lq + 1 >= 1 because rule_wd <= 2^30 + 10^9 (vet_glue clamps the glue) < INT_MAX
DIV	web2c	pdftex0.c:19565	SAFE-CONST	pdf_print_real: ten_pow[d] for a digit count d in 0..9
DIV	web2c	pdftex0.c:19566	SAFE-CONST	pdf_print_real: ten_pow[d] for a digit count d in 0..9
DIV	web2c	pdftex0.c:21230	SAFE-GUARD	fix_expand_value: e = 0 returns first; step = pdf_font_step[f] >= 1, set only by read_expand_font after fix_int(.,0,100) and a zero test that is a pdf_error
DIV	web2c	pdftex0.c:21329	SAFE-GUARD	read_expand_font: font_step = fix_int(cur_val, 0, 100) and font_step = 0 is a pdf_error before the modulo
DIV	web2c	pdftex0.c:21332	SAFE-GUARD	read_expand_font: font_step = fix_int(cur_val, 0, 100) and font_step = 0 is a pdf_error before the modulo
DIV	web2c	pdftex0.c:21430	SAFE-GUARD	letter_space_font: the store_scaled idiom (beta >= 1) and vf_z = font_size[f] > 0 (a non-positive at-size is refused by TeX)
DIV	web2c	pdftex0.c:21441	SAFE-GUARD	letter_space_font: the store_scaled idiom (beta >= 1) and vf_z = font_size[f] > 0 (a non-positive at-size is refused by TeX)
DIV	web2c	pdftex0.c:21442	SAFE-GUARD	letter_space_font: the store_scaled idiom (beta >= 1) and vf_z = font_size[f] > 0 (a non-positive at-size is refused by TeX)
DIV	web2c	pdftex0.c:21449	SAFE-GUARD	letter_space_font: the store_scaled idiom (beta >= 1) and vf_z = font_size[f] > 0 (a non-positive at-size is refused by TeX)
DIV	web2c	pdftex0.c:21457	SAFE-GUARD	letter_space_font: the store_scaled idiom (beta >= 1) and vf_z = font_size[f] > 0 (a non-positive at-size is refused by TeX)
DIV	web2c	pdftex0.c:23709	DIVERGES	gap_amount divides by the \pdfsnapy glue width, which new_snap_node only requires to be >= 0: \pdfsnapy 0pt makes x86_64 die with SIGFPE (rc 136) while aarch64 divides to 0 and exits 0 (probe snapy0)
DIV	web2c	pdftex0.c:24298	SAFE-GUARD	leaders in (pdf_)hlist_out/vlist_out: guarded by leader_wd > 0 (leader_ht > 0); lq + 1 >= 1 because rule_wd <= 2^30 + 10^9 (vet_glue clamps the glue) < INT_MAX
DIV	web2c	pdftex0.c:24305	SAFE-GUARD	leaders in (pdf_)hlist_out/vlist_out: guarded by leader_wd > 0 (leader_ht > 0); lq + 1 >= 1 because rule_wd <= 2^30 + 10^9 (vet_glue clamps the glue) < INT_MAX
DIV	web2c	pdftex0.c:24311	SAFE-GUARD	leaders in (pdf_)hlist_out/vlist_out: guarded by leader_wd > 0 (leader_ht > 0); lq + 1 >= 1 because rule_wd <= 2^30 + 10^9 (vet_glue clamps the glue) < INT_MAX
DIV	web2c	pdftex0.c:24726	SAFE-GUARD	leaders in (pdf_)hlist_out/vlist_out: guarded by leader_wd > 0 (leader_ht > 0); lq + 1 >= 1 because rule_wd <= 2^30 + 10^9 (vet_glue clamps the glue) < INT_MAX
DIV	web2c	pdftex0.c:24733	SAFE-GUARD	leaders in (pdf_)hlist_out/vlist_out: guarded by leader_wd > 0 (leader_ht > 0); lq + 1 >= 1 because rule_wd <= 2^30 + 10^9 (vet_glue clamps the glue) < INT_MAX
DIV	web2c	pdftex0.c:24739	SAFE-GUARD	leaders in (pdf_)hlist_out/vlist_out: guarded by leader_wd > 0 (leader_ht > 0); lq + 1 >= 1 because rule_wd <= 2^30 + 10^9 (vet_glue clamps the glue) < INT_MAX
DIV	web2c	pdftex0.c:2838	SAFE-GUARD	divide_scaled: m = 0 and m >= 2^31/10 are pdf_error (fatal) before the division; m is negated to positive first; ten_pow[dd] constant
DIV	web2c	pdftex0.c:2839	SAFE-GUARD	divide_scaled: m = 0 and m >= 2^31/10 are pdf_error (fatal) before the division; m is negated to positive first; ten_pow[dd] constant
DIV	web2c	pdftex0.c:2842	SAFE-GUARD	divide_scaled: m = 0 and m >= 2^31/10 are pdf_error (fatal) before the division; m is negated to positive first; ten_pow[dd] constant
DIV	web2c	pdftex0.c:2851	SAFE-GUARD	divide_scaled: m = 0 and m >= 2^31/10 are pdf_error (fatal) before the division; m is negated to positive first; ten_pow[dd] constant
DIV	web2c	pdftex0.c:2870	SAFE-CALLERS	round_xn_over_d: every call site passes d = 1000, 10000, 2000, 1000 + pdf_cur_Tm_a (>= 500: the expansion ratio is fix_int-ed to -500..1000), or a font step (>= 1)
DIV	web2c	pdftex0.c:2873	SAFE-CALLERS	round_xn_over_d: every call site passes d = 1000, 10000, 2000, 1000 + pdf_cur_Tm_a (>= 500: the expansion ratio is fix_int-ed to -500..1000), or a font step (>= 1)
DIV	web2c	pdftex0.c:2874	SAFE-CALLERS	round_xn_over_d: every call site passes d = 1000, 10000, 2000, 1000 + pdf_cur_Tm_a (>= 500: the expansion ratio is fix_int-ed to -500..1000), or a font step (>= 1)
DIV	web2c	pdftex0.c:2875	SAFE-CALLERS	round_xn_over_d: every call site passes d = 1000, 10000, 2000, 1000 + pdf_cur_Tm_a (>= 500: the expansion ratio is fix_int-ed to -500..1000), or a font step (>= 1)
DIV	web2c	pdftex0.c:2891	SAFE-CONST	is_bit_set: m = 2^(s-1), its only caller passes s = 1
DIV	web2c	pdftex0.c:30424	OPEN	try_break with font expansion: max_stretch_ratio div cur_font_step is >= 1 when a stretch font exists (ratio is a multiple of the step, both checked equal across fonts by check_expand_pars), and the branch needs a positive stretch sum; not machine-checked. A zero divisor would trap on x86_64 only (rc)
DIV	web2c	pdftex0.c:30425	OPEN	try_break with font expansion: max_stretch_ratio div cur_font_step is >= 1 when a stretch font exists (ratio is a multiple of the step, both checked equal across fonts by check_expand_pars), and the branch needs a positive stretch sum; not machine-checked. A zero divisor would trap on x86_64 only (rc)
DIV	web2c	pdftex0.c:30435	OPEN	try_break with font expansion: max_stretch_ratio div cur_font_step is >= 1 when a stretch font exists (ratio is a multiple of the step, both checked equal across fonts by check_expand_pars), and the branch needs a positive stretch sum; not machine-checked. A zero divisor would trap on x86_64 only (rc)
DIV	web2c	pdftex0.c:9032	SAFE-CONST	modulo error_line, a positive texmf.cnf constant fixed for the run
DIV	web2c	pdftex0.c:9044	SAFE-CONST	modulo error_line, a positive texmf.cnf constant fixed for the run
DIV	web2c	pdftex0.c:91	SAFE-CONST	modulo error_line, a positive texmf.cnf constant fixed for the run
DIV	web2c	pdftexini.c:2334	SAFE-CONST	prefixed_command: cur_chr is a prefix code 1, 2, 4 or 8
DIV	web2c	pdftexini.c:2569	SAFE-CONST	encTeX mubyte table: modulo 128
DIV	web2c	pdftexini.c:2571	SAFE-CONST	encTeX mubyte table: modulo 128
DIV	web2c	pdftexini.c:5661	SAFE-CONST	random_seed: epoch_seconds mod 1000000
DIV	web2c	pdftexini.c:793	SAFE-CONST	trie_node hash: modulo trie_size, a positive texmf.cnf constant
DIV	web2c	synctex.c:1295	OPEN	SyncTeX records divide positions by synctex_ctxt.unit, derived from \mag at the first record; not traced to a nonzero proof. Reaches only the .synctex(.gz) file, and rc if it traps
DIV	web2c	synctex.c:1299	OPEN	SyncTeX records divide positions by synctex_ctxt.unit, derived from \mag at the first record; not traced to a nonzero proof. Reaches only the .synctex(.gz) file, and rc if it traps
DIV	web2c	synctex.c:1703	OPEN	SyncTeX records divide positions by synctex_ctxt.unit, derived from \mag at the first record; not traced to a nonzero proof. Reaches only the .synctex(.gz) file, and rc if it traps
DIV	web2c	synctex.c:1707	OPEN	SyncTeX records divide positions by synctex_ctxt.unit, derived from \mag at the first record; not traced to a nonzero proof. Reaches only the .synctex(.gz) file, and rc if it traps
DIV	web2c	synctex.c:1732	OPEN	SyncTeX records divide positions by synctex_ctxt.unit, derived from \mag at the first record; not traced to a nonzero proof. Reaches only the .synctex(.gz) file, and rc if it traps
DIV	web2c	synctex.c:1840	OPEN	SyncTeX records divide positions by synctex_ctxt.unit, derived from \mag at the first record; not traced to a nonzero proof. Reaches only the .synctex(.gz) file, and rc if it traps
DIV	web2c	synctex.c:1848	OPEN	SyncTeX records divide positions by synctex_ctxt.unit, derived from \mag at the first record; not traced to a nonzero proof. Reaches only the .synctex(.gz) file, and rc if it traps
DIV	web2c	synctex.c:1878	OPEN	SyncTeX records divide positions by synctex_ctxt.unit, derived from \mag at the first record; not traced to a nonzero proof. Reaches only the .synctex(.gz) file, and rc if it traps
DIV	web2c	synctex.c:1886	OPEN	SyncTeX records divide positions by synctex_ctxt.unit, derived from \mag at the first record; not traced to a nonzero proof. Reaches only the .synctex(.gz) file, and rc if it traps
DIV	web2c	synctex.c:1922	OPEN	SyncTeX records divide positions by synctex_ctxt.unit, derived from \mag at the first record; not traced to a nonzero proof. Reaches only the .synctex(.gz) file, and rc if it traps
DIV	web2c	synctex.c:1930	OPEN	SyncTeX records divide positions by synctex_ctxt.unit, derived from \mag at the first record; not traced to a nonzero proof. Reaches only the .synctex(.gz) file, and rc if it traps
DIV	web2c	synctex.c:1954	OPEN	SyncTeX records divide positions by synctex_ctxt.unit, derived from \mag at the first record; not traced to a nonzero proof. Reaches only the .synctex(.gz) file, and rc if it traps
DIV	web2c	synctex.c:1962	OPEN	SyncTeX records divide positions by synctex_ctxt.unit, derived from \mag at the first record; not traced to a nonzero proof. Reaches only the .synctex(.gz) file, and rc if it traps
DIV	web2c	synctex.c:2043	OPEN	SyncTeX records divide positions by synctex_ctxt.unit, derived from \mag at the first record; not traced to a nonzero proof. Reaches only the .synctex(.gz) file, and rc if it traps
DIV	web2c	synctex.c:2063	OPEN	SyncTeX records divide positions by synctex_ctxt.unit, derived from \mag at the first record; not traced to a nonzero proof. Reaches only the .synctex(.gz) file, and rc if it traps
DIV	web2c	synctex.c:2069	OPEN	SyncTeX records divide positions by synctex_ctxt.unit, derived from \mag at the first record; not traced to a nonzero proof. Reaches only the .synctex(.gz) file, and rc if it traps
DIV	web2c	synctex.c:2090	OPEN	SyncTeX records divide positions by synctex_ctxt.unit, derived from \mag at the first record; not traced to a nonzero proof. Reaches only the .synctex(.gz) file, and rc if it traps
DIV	web2c	synctex.c:2096	OPEN	SyncTeX records divide positions by synctex_ctxt.unit, derived from \mag at the first record; not traced to a nonzero proof. Reaches only the .synctex(.gz) file, and rc if it traps
DIV	web2c	synctex.c:2117	OPEN	SyncTeX records divide positions by synctex_ctxt.unit, derived from \mag at the first record; not traced to a nonzero proof. Reaches only the .synctex(.gz) file, and rc if it traps
DIV	web2c	synctex.c:2122	OPEN	SyncTeX records divide positions by synctex_ctxt.unit, derived from \mag at the first record; not traced to a nonzero proof. Reaches only the .synctex(.gz) file, and rc if it traps
DIV	web2c	synctex.c:2142	OPEN	SyncTeX records divide positions by synctex_ctxt.unit, derived from \mag at the first record; not traced to a nonzero proof. Reaches only the .synctex(.gz) file, and rc if it traps
DIV	web2c	synctex.c:2145	OPEN	SyncTeX records divide positions by synctex_ctxt.unit, derived from \mag at the first record; not traced to a nonzero proof. Reaches only the .synctex(.gz) file, and rc if it traps
DIV	web2c	synctex.c:2163	OPEN	SyncTeX records divide positions by synctex_ctxt.unit, derived from \mag at the first record; not traced to a nonzero proof. Reaches only the .synctex(.gz) file, and rc if it traps
DIV	web2c	synctex.c:2167	OPEN	SyncTeX records divide positions by synctex_ctxt.unit, derived from \mag at the first record; not traced to a nonzero proof. Reaches only the .synctex(.gz) file, and rc if it traps
DIV	web2c	utils.c:347	SAFE-CONST	getresnameprefix: modulo a constant base
DIV	web2c	utils.c:348	SAFE-CONST	getresnameprefix: modulo a constant base
DIV	web2c	writejpg.c:218	DIVERGES	read_APP1_Exif: num / den of an Exif RATIONAL, den = 0 guarded but INT_MIN / -1 is not: x86_64 SIGFPE (rc 136), aarch64 INT_MIN then "invalid image dimensions" (rc 1) (probe jpgdiv; review round 2)
DIV	web2c	writejpg.c:222	DIVERGES	read_APP1_Exif: num / den of an Exif RATIONAL, den = 0 guarded but INT_MIN / -1 is not: x86_64 SIGFPE (rc 136), aarch64 INT_MIN then "invalid image dimensions" (rc 1) (probe jpgdiv; review round 2)
DIV	web2c	writettf.c:209	OPEN	ttf_funit divides by the font's unitsPerEm (head table), not checked for 0: a TrueType font file supplied with the document can make x86_64 trap (rc) where aarch64 gets 0; no probe built
DIV	web2c	writettf.c:211	OPEN	ttf_funit divides by the font's unitsPerEm (head table), not checked for 0: a TrueType font file supplied with the document can make x86_64 trap (rc) where aarch64 gets 0; no probe built
DIV	web2c	writettf.c:441	OPEN	ttf_funit divides by the font's unitsPerEm (head table), not checked for 0: a TrueType font file supplied with the document can make x86_64 trap (rc) where aarch64 gets 0; no probe built
DIV	web2c	writettf.c:445	OPEN	ttf_funit divides by the font's unitsPerEm (head table), not checked for 0: a TrueType font file supplied with the document can make x86_64 trap (rc) where aarch64 gets 0; no probe built
DIV	xpdf	_Z10gmallocn64im	OPEN	xpdf (C++, no line table): pdfTeX uses it to parse and copy included PDFs. A trap in parsing reaches rc; values reach TeX state only through the page box, rotation and page count (bp2int clamps the box, see zround.c). Not traced one by one
DIV	xpdf	_Z10rc4InitKeyPhiS_	OPEN	xpdf (C++, no line table): pdfTeX uses it to parse and copy included PDFs. A trap in parsing reaches rc; values reach TeX state only through the page box, rotation and page count (bp2int clamps the box, see zround.c). Not traced one by one
DIV	xpdf	_Z17drawPDF417BarcodeddddiP7GStringS0_	OPEN	xpdf (C++, no line table): pdfTeX uses it to parse and copy included PDFs. A trap in parsing reaches rc; values reach TeX state only through the page box, rotation and page count (bp2int clamps the box, see zround.c). Not traced one by one
DIV	xpdf	_Z8gmallocnii	OPEN	xpdf (C++, no line table): pdfTeX uses it to parse and copy included PDFs. A trap in parsing reaches rc; values reach TeX state only through the page box, rotation and page count (bp2int clamps the box, see zround.c). Not traced one by one
DIV	xpdf	_Z9greallocnPvii	OPEN	xpdf (C++, no line table): pdfTeX uses it to parse and copy included PDFs. A trap in parsing reaches rc; values reach TeX state only through the page box, rotation and page count (bp2int clamps the box, see zround.c). Not traced one by one
DIV	xpdf	_ZN10FoFiType1C16getDeltaIntArrayEPii	OPEN	xpdf (C++, no line table): pdfTeX uses it to parse and copy included PDFs. A trap in parsing reaches rc; values reach TeX state only through the page box, rotation and page count (bp2int clamps the box, see zround.c). Not traced one by one
DIV	xpdf	_ZN11ImageStreamC1EP6Streamiii	OPEN	xpdf (C++, no line table): pdfTeX uses it to parse and copy included PDFs. A trap in parsing reaches rc; values reach TeX state only through the page box, rotation and page count (bp2int clamps the box, see zround.c). Not traced one by one
DIV	xpdf	_ZN11JBIG2Bitmap6expandEij	OPEN	xpdf (C++, no line table): pdfTeX uses it to parse and copy included PDFs. A trap in parsing reaches rc; values reach TeX state only through the page box, rotation and page count (bp2int clamps the box, see zround.c). Not traced one by one
DIV	xpdf	_ZN11JBIG2BitmapC1EjPS_	OPEN	xpdf (C++, no line table): pdfTeX uses it to parse and copy included PDFs. A trap in parsing reaches rc; values reach TeX state only through the page box, rotation and page count (bp2int clamps the box, see zround.c). Not traced one by one
DIV	xpdf	_ZN11JBIG2BitmapC1Ejii	OPEN	xpdf (C++, no line table): pdfTeX uses it to parse and copy included PDFs. A trap in parsing reaches rc; values reach TeX state only through the page box, rotation and page count (bp2int clamps the box, see zround.c). Not traced one by one
DIV	xpdf	_ZN11JBIG2Stream15readPageInfoSegEj	OPEN	xpdf (C++, no line table): pdfTeX uses it to parse and copy included PDFs. A trap in parsing reaches rc; values reach TeX state only through the page box, rotation and page count (bp2int clamps the box, see zround.c). Not traced one by one
DIV	xpdf	_ZN11JBIG2Stream18readPatternDictSegEjj	OPEN	xpdf (C++, no line table): pdfTeX uses it to parse and copy included PDFs. A trap in parsing reaches rc; values reach TeX state only through the page box, rotation and page count (bp2int clamps the box, see zround.c). Not traced one by one
DIV	xpdf	_ZN11JBIG2Stream21readHalftoneRegionSegEjiijPjj	OPEN	xpdf (C++, no line table): pdfTeX uses it to parse and copy included PDFs. A trap in parsing reaches rc; values reach TeX state only through the page box, rotation and page count (bp2int clamps the box, see zround.c). Not traced one by one
DIV	xpdf	_ZN12FoFiTrueType5parseEii	OPEN	xpdf (C++, no line table): pdfTeX uses it to parse and copy included PDFs. A trap in parsing reaches rc; values reach TeX state only through the page box, rotation and page count (bp2int clamps the box, see zround.c). Not traced one by one
DIV	xpdf	_ZN14NameToCharCode3addEPKcj	OPEN	xpdf (C++, no line table): pdfTeX uses it to parse and copy included PDFs. A trap in parsing reaches rc; values reach TeX state only through the page box, rotation and page count (bp2int clamps the box, see zround.c). Not traced one by one
DIV	xpdf	_ZN14NameToCharCode4hashEPKc	OPEN	xpdf (C++, no line table): pdfTeX uses it to parse and copy included PDFs. A trap in parsing reaches rc; values reach TeX state only through the page box, rotation and page count (bp2int clamps the box, see zround.c). Not traced one by one
DIV	xpdf	_ZN14NameToCharCode6lookupEPKc	OPEN	xpdf (C++, no line table): pdfTeX uses it to parse and copy included PDFs. A trap in parsing reaches rc; values reach TeX state only through the page box, rotation and page count (bp2int clamps the box, see zround.c). Not traced one by one
DIV	xpdf	_ZN15SampledFunctionC1EP6ObjectP4Dict	OPEN	xpdf (C++, no line table): pdfTeX uses it to parse and copy included PDFs. A trap in parsing reaches rc; values reach TeX state only through the page box, rotation and page count (bp2int clamps the box, see zround.c). Not traced one by one
DIV	xpdf	_ZN15StreamPredictorC1EP6Streamiiii	OPEN	xpdf (C++, no line table): pdfTeX uses it to parse and copy included PDFs. A trap in parsing reaches rc; values reach TeX state only through the page box, rotation and page count (bp2int clamps the box, see zround.c). Not traced one by one
DIV	xpdf	_ZN17BuiltinFontWidths4hashEPKc	OPEN	xpdf (C++, no line table): pdfTeX uses it to parse and copy included PDFs. A trap in parsing reaches rc; values reach TeX state only through the page box, rotation and page count (bp2int clamps the box, see zround.c). Not traced one by one
DIV	xpdf	_ZN17BuiltinFontWidths8getWidthEPKcPt	OPEN	xpdf (C++, no line table): pdfTeX uses it to parse and copy included PDFs. A trap in parsing reaches rc; values reach TeX state only through the page box, rotation and page count (bp2int clamps the box, see zround.c). Not traced one by one
DIV	xpdf	_ZN17BuiltinFontWidthsC1EP16BuiltinFontWidthi	OPEN	xpdf (C++, no line table): pdfTeX uses it to parse and copy included PDFs. A trap in parsing reaches rc; values reach TeX state only through the page box, rotation and page count (bp2int clamps the box, see zround.c). Not traced one by one
DIV	xpdf	_ZN18PostScriptFunction4execEPdi	OPEN	xpdf (C++, no line table): pdfTeX uses it to parse and copy included PDFs. A trap in parsing reaches rc; values reach TeX state only through the page box, rotation and page count (bp2int clamps the box, see zround.c). Not traced one by one
DIV	xpdf	_ZN20GfxIndexedColorSpace5parseEP5Arrayi	OPEN	xpdf (C++, no line table): pdfTeX uses it to parse and copy included PDFs. A trap in parsing reaches rc; values reach TeX state only through the page box, rotation and page count (bp2int clamps the box, see zround.c). Not traced one by one
DIV	xpdf	_ZN25GfxGouraudTriangleShading5parseEiP4DictP6Stream	OPEN	xpdf (C++, no line table): pdfTeX uses it to parse and copy included PDFs. A trap in parsing reaches rc; values reach TeX state only through the page box, rotation and page count (bp2int clamps the box, see zround.c). Not traced one by one
DIV	xpdf	_ZN4Dict2isEPKc	OPEN	xpdf (C++, no line table): pdfTeX uses it to parse and copy included PDFs. A trap in parsing reaches rc; values reach TeX state only through the page box, rotation and page count (bp2int clamps the box, see zround.c). Not traced one by one
DIV	xpdf	_ZN4Dict3addEPcP6Object	OPEN	xpdf (C++, no line table): pdfTeX uses it to parse and copy included PDFs. A trap in parsing reaches rc; values reach TeX state only through the page box, rotation and page count (bp2int clamps the box, see zround.c). Not traced one by one
DIV	xpdf	_ZN4Dict4hashEPKc	OPEN	xpdf (C++, no line table): pdfTeX uses it to parse and copy included PDFs. A trap in parsing reaches rc; values reach TeX state only through the page box, rotation and page count (bp2int clamps the box, see zround.c). Not traced one by one
DIV	xpdf	_ZN4Dict6expandEv	OPEN	xpdf (C++, no line table): pdfTeX uses it to parse and copy included PDFs. A trap in parsing reaches rc; values reach TeX state only through the page box, rotation and page count (bp2int clamps the box, see zround.c). Not traced one by one
DIV	xpdf	_ZN4Dict6lookupEPKcP6Objecti	OPEN	xpdf (C++, no line table): pdfTeX uses it to parse and copy included PDFs. A trap in parsing reaches rc; values reach TeX state only through the page box, rotation and page count (bp2int clamps the box, see zround.c). Not traced one by one
DIV	xpdf	_ZN4Dict8lookupNFEPKcP6Object	OPEN	xpdf (C++, no line table): pdfTeX uses it to parse and copy included PDFs. A trap in parsing reaches rc; values reach TeX state only through the page box, rotation and page count (bp2int clamps the box, see zround.c). Not traced one by one
DIV	xpdf	_ZN5GHash3addEP7GStringPv	OPEN	xpdf (C++, no line table): pdfTeX uses it to parse and copy included PDFs. A trap in parsing reaches rc; values reach TeX state only through the page box, rotation and page count (bp2int clamps the box, see zround.c). Not traced one by one
DIV	xpdf	_ZN5GHash3addEP7GStringi	OPEN	xpdf (C++, no line table): pdfTeX uses it to parse and copy included PDFs. A trap in parsing reaches rc; values reach TeX state only through the page box, rotation and page count (bp2int clamps the box, see zround.c). Not traced one by one
DIV	xpdf	_ZN5GHash4findEP7GStringPi	OPEN	xpdf (C++, no line table): pdfTeX uses it to parse and copy included PDFs. A trap in parsing reaches rc; values reach TeX state only through the page box, rotation and page count (bp2int clamps the box, see zround.c). Not traced one by one
DIV	xpdf	_ZN5GHash4findEPKcPi	OPEN	xpdf (C++, no line table): pdfTeX uses it to parse and copy included PDFs. A trap in parsing reaches rc; values reach TeX state only through the page box, rotation and page count (bp2int clamps the box, see zround.c). Not traced one by one
DIV	xpdf	_ZN5GHash4hashEP7GString	OPEN	xpdf (C++, no line table): pdfTeX uses it to parse and copy included PDFs. A trap in parsing reaches rc; values reach TeX state only through the page box, rotation and page count (bp2int clamps the box, see zround.c). Not traced one by one
DIV	xpdf	_ZN5GHash4hashEPKc	OPEN	xpdf (C++, no line table): pdfTeX uses it to parse and copy included PDFs. A trap in parsing reaches rc; values reach TeX state only through the page box, rotation and page count (bp2int clamps the box, see zround.c). Not traced one by one
DIV	xpdf	_ZN5GHash6expandEv	OPEN	xpdf (C++, no line table): pdfTeX uses it to parse and copy included PDFs. A trap in parsing reaches rc; values reach TeX state only through the page box, rotation and page count (bp2int clamps the box, see zround.c). Not traced one by one
DIV	xpdf	_ZN7GString10formatUIntEyPciiiiPPKcPi	OPEN	xpdf (C++, no line table): pdfTeX uses it to parse and copy included PDFs. A trap in parsing reaches rc; values reach TeX state only through the page box, rotation and page count (bp2int clamps the box, see zround.c). Not traced one by one
DIV	xpdf	_ZN7GString9formatIntExPciiiiPPKcPi	OPEN	xpdf (C++, no line table): pdfTeX uses it to parse and copy included PDFs. A trap in parsing reaches rc; values reach TeX state only through the page box, rotation and page count (bp2int clamps the box, see zround.c). Not traced one by one
DIV	xpdf	_ZN8Type1COp5toIntEv	OPEN	xpdf (C++, no line table): pdfTeX uses it to parse and copy included PDFs. A trap in parsing reaches rc; values reach TeX state only through the page box, rotation and page count (bp2int clamps the box, see zround.c). Not traced one by one
DIV	xpdf	_ZN9DCTStream10readMCURowEv	OPEN	xpdf (C++, no line table): pdfTeX uses it to parse and copy included PDFs. A trap in parsing reaches rc; values reach TeX state only through the page box, rotation and page count (bp2int clamps the box, see zround.c). Not traced one by one
DIV	xpdf	_ZN9DCTStream11decodeImageEv	OPEN	xpdf (C++, no line table): pdfTeX uses it to parse and copy included PDFs. A trap in parsing reaches rc; values reach TeX state only through the page box, rotation and page count (bp2int clamps the box, see zround.c). Not traced one by one
DIV	xpdf	_ZN9DCTStream7prepareEv	OPEN	xpdf (C++, no line table): pdfTeX uses it to parse and copy included PDFs. A trap in parsing reaches rc; values reach TeX state only through the page box, rotation and page count (bp2int clamps the box, see zround.c). Not traced one by one
DIV	xpdf	_ZN9DCTStream8readScanEv	OPEN	xpdf (C++, no line table): pdfTeX uses it to parse and copy included PDFs. A trap in parsing reaches rc; values reach TeX state only through the page box, rotation and page count (bp2int clamps the box, see zround.c). Not traced one by one
DIV	xpdf	_ZN9JPXStream11fillReadBufEv	OPEN	xpdf (C++, no line table): pdfTeX uses it to parse and copy included PDFs. A trap in parsing reaches rc; values reach TeX state only through the page box, rotation and page count (bp2int clamps the box, see zround.c). Not traced one by one
DIV	xpdf	_ZN9JPXStream12readTilePartEv	OPEN	xpdf (C++, no line table): pdfTeX uses it to parse and copy included PDFs. A trap in parsing reaches rc; values reach TeX state only through the page box, rotation and page count (bp2int clamps the box, see zround.c). Not traced one by one
DIV	xpdf	_ZN9JPXStream14readCodestreamEj	OPEN	xpdf (C++, no line table): pdfTeX uses it to parse and copy included PDFs. A trap in parsing reaches rc; values reach TeX state only through the page box, rotation and page count (bp2int clamps the box, see zround.c). Not traced one by one
DIV	xpdf	execute_stack_op	OPEN	xpdf (C++, no line table): pdfTeX uses it to parse and copy included PDFs. A trap in parsing reaches rc; values reach TeX state only through the page box, rotation and page count (bp2int clamps the box, see zround.c). Not traced one by one
DIV	zlib	gzread.c:458	NOT-REACHED	gzfread: pdfTeX never calls it (SyncTeX writes with gzprintf); also guarded by len != 0
DIV	zlib	gzread.c:464	NOT-REACHED	gzfread: pdfTeX never calls it (SyncTeX writes with gzprintf); also guarded by len != 0
DIV	zlib	gzwrite.c:297	NOT-REACHED	gzfwrite: pdfTeX never calls it; also guarded by len != 0
DIV	zlib	gzwrite.c:303	NOT-REACHED	gzfwrite: pdfTeX never calls it; also guarded by len != 0
F2I	kpathsea	magstep.c:60	SAFE-RANGE	dpi and bdpi are small positive resolutions; bdpi*t or bdpi/t with t a magstep factor stays far inside int range
F2I	kpathsea	tex-glyph.c:132	SAFE-RANGE	KPSE_BITMAP_TOLERANCE(dpi) = dpi/500.0 + 1 for an unsigned dpi: < 2^23
F2I	kpathsea	tex-glyph.c:354	SAFE-RANGE	KPSE_BITMAP_TOLERANCE(dpi) = dpi/500.0 + 1 for an unsigned dpi: < 2^23
F2I	kpathsea	tex-glyph.c:355	SAFE-RANGE	KPSE_BITMAP_TOLERANCE(dpi) = dpi/500.0 + 1 for an unsigned dpi: < 2^23
F2I	kpathsea	tex-glyph.c:356	SAFE-RANGE	KPSE_BITMAP_TOLERANCE(dpi) = dpi/500.0 + 1 for an unsigned dpi: < 2^23
F2I	libpng	png.c:2432	OPEN	libpng: pixel, gamma and text-chunk arithmetic. pdfTeX reads the header with png_read_info (dimensions and resolution are computed by pdfTeX itself, writepng.c) and the pixels at shipout; these sites are on the pixel/gamma path (PDF bytes) or error paths (rc if one traps). Not traced one by one
F2I	libpng	png.c:2537	OPEN	libpng: pixel, gamma and text-chunk arithmetic. pdfTeX reads the header with png_read_info (dimensions and resolution are computed by pdfTeX itself, writepng.c) and the pixels at shipout; these sites are on the pixel/gamma path (PDF bytes) or error paths (rc if one traps). Not traced one by one
F2I	libpng	png.c:2728	OPEN	libpng: pixel, gamma and text-chunk arithmetic. pdfTeX reads the header with png_read_info (dimensions and resolution are computed by pdfTeX itself, writepng.c) and the pixels at shipout; these sites are on the pixel/gamma path (PDF bytes) or error paths (rc if one traps). Not traced one by one
F2I	libpng	png.c:2737	OPEN	libpng: pixel, gamma and text-chunk arithmetic. pdfTeX reads the header with png_read_info (dimensions and resolution are computed by pdfTeX itself, writepng.c) and the pixels at shipout; these sites are on the pixel/gamma path (PDF bytes) or error paths (rc if one traps). Not traced one by one
F2I	libpng	png.c:2738	OPEN	libpng: pixel, gamma and text-chunk arithmetic. pdfTeX reads the header with png_read_info (dimensions and resolution are computed by pdfTeX itself, writepng.c) and the pixels at shipout; these sites are on the pixel/gamma path (PDF bytes) or error paths (rc if one traps). Not traced one by one
F2I	libpng	png.c:2747	OPEN	libpng: pixel, gamma and text-chunk arithmetic. pdfTeX reads the header with png_read_info (dimensions and resolution are computed by pdfTeX itself, writepng.c) and the pixels at shipout; these sites are on the pixel/gamma path (PDF bytes) or error paths (rc if one traps). Not traced one by one
F2I	libpng	png.c:2756	OPEN	libpng: pixel, gamma and text-chunk arithmetic. pdfTeX reads the header with png_read_info (dimensions and resolution are computed by pdfTeX itself, writepng.c) and the pixels at shipout; these sites are on the pixel/gamma path (PDF bytes) or error paths (rc if one traps). Not traced one by one
F2I	libpng	png.c:2757	OPEN	libpng: pixel, gamma and text-chunk arithmetic. pdfTeX reads the header with png_read_info (dimensions and resolution are computed by pdfTeX itself, writepng.c) and the pixels at shipout; these sites are on the pixel/gamma path (PDF bytes) or error paths (rc if one traps). Not traced one by one
F2I	libpng	png.c:2787	OPEN	libpng: pixel, gamma and text-chunk arithmetic. pdfTeX reads the header with png_read_info (dimensions and resolution are computed by pdfTeX itself, writepng.c) and the pixels at shipout; these sites are on the pixel/gamma path (PDF bytes) or error paths (rc if one traps). Not traced one by one
F2I	libpng	png.c:2792	OPEN	libpng: pixel, gamma and text-chunk arithmetic. pdfTeX reads the header with png_read_info (dimensions and resolution are computed by pdfTeX itself, writepng.c) and the pixels at shipout; these sites are on the pixel/gamma path (PDF bytes) or error paths (rc if one traps). Not traced one by one
F2I	libpng	png.c:2889	OPEN	libpng: pixel, gamma and text-chunk arithmetic. pdfTeX reads the header with png_read_info (dimensions and resolution are computed by pdfTeX itself, writepng.c) and the pixels at shipout; these sites are on the pixel/gamma path (PDF bytes) or error paths (rc if one traps). Not traced one by one
F2I	libpng	png.c:2892	OPEN	libpng: pixel, gamma and text-chunk arithmetic. pdfTeX reads the header with png_read_info (dimensions and resolution are computed by pdfTeX itself, writepng.c) and the pixels at shipout; these sites are on the pixel/gamma path (PDF bytes) or error paths (rc if one traps). Not traced one by one
F2I	libpng	png.c:2960	OPEN	libpng: pixel, gamma and text-chunk arithmetic. pdfTeX reads the header with png_read_info (dimensions and resolution are computed by pdfTeX itself, writepng.c) and the pixels at shipout; these sites are on the pixel/gamma path (PDF bytes) or error paths (rc if one traps). Not traced one by one
F2I	libpng	png.c:2963	OPEN	libpng: pixel, gamma and text-chunk arithmetic. pdfTeX reads the header with png_read_info (dimensions and resolution are computed by pdfTeX itself, writepng.c) and the pixels at shipout; these sites are on the pixel/gamma path (PDF bytes) or error paths (rc if one traps). Not traced one by one
F2I	libpng	png.c:3302	OPEN	libpng: pixel, gamma and text-chunk arithmetic. pdfTeX reads the header with png_read_info (dimensions and resolution are computed by pdfTeX itself, writepng.c) and the pixels at shipout; these sites are on the pixel/gamma path (PDF bytes) or error paths (rc if one traps). Not traced one by one
F2I	libpng	png.c:3303	OPEN	libpng: pixel, gamma and text-chunk arithmetic. pdfTeX reads the header with png_read_info (dimensions and resolution are computed by pdfTeX itself, writepng.c) and the pixels at shipout; these sites are on the pixel/gamma path (PDF bytes) or error paths (rc if one traps). Not traced one by one
F2I	libpng	png.c:3331	OPEN	libpng: pixel, gamma and text-chunk arithmetic. pdfTeX reads the header with png_read_info (dimensions and resolution are computed by pdfTeX itself, writepng.c) and the pixels at shipout; these sites are on the pixel/gamma path (PDF bytes) or error paths (rc if one traps). Not traced one by one
F2I	libpng	png.c:3333	OPEN	libpng: pixel, gamma and text-chunk arithmetic. pdfTeX reads the header with png_read_info (dimensions and resolution are computed by pdfTeX itself, writepng.c) and the pixels at shipout; these sites are on the pixel/gamma path (PDF bytes) or error paths (rc if one traps). Not traced one by one
F2I	libpng	png.c:3426	OPEN	libpng: pixel, gamma and text-chunk arithmetic. pdfTeX reads the header with png_read_info (dimensions and resolution are computed by pdfTeX itself, writepng.c) and the pixels at shipout; these sites are on the pixel/gamma path (PDF bytes) or error paths (rc if one traps). Not traced one by one
F2I	libpng	png.c:3427	OPEN	libpng: pixel, gamma and text-chunk arithmetic. pdfTeX reads the header with png_read_info (dimensions and resolution are computed by pdfTeX itself, writepng.c) and the pixels at shipout; these sites are on the pixel/gamma path (PDF bytes) or error paths (rc if one traps). Not traced one by one
F2I	libpng	pngget.c:464	OPEN	libpng: pixel, gamma and text-chunk arithmetic. pdfTeX reads the header with png_read_info (dimensions and resolution are computed by pdfTeX itself, writepng.c) and the pixels at shipout; these sites are on the pixel/gamma path (PDF bytes) or error paths (rc if one traps). Not traced one by one
F2I	libpng	pngget.c:465	OPEN	libpng: pixel, gamma and text-chunk arithmetic. pdfTeX reads the header with png_read_info (dimensions and resolution are computed by pdfTeX itself, writepng.c) and the pixels at shipout; these sites are on the pixel/gamma path (PDF bytes) or error paths (rc if one traps). Not traced one by one
F2I	libpng	pngrtran.c:322	OPEN	libpng: pixel, gamma and text-chunk arithmetic. pdfTeX reads the header with png_read_info (dimensions and resolution are computed by pdfTeX itself, writepng.c) and the pixels at shipout; these sites are on the pixel/gamma path (PDF bytes) or error paths (rc if one traps). Not traced one by one
F2I	libpng	pngrtran.c:327	OPEN	libpng: pixel, gamma and text-chunk arithmetic. pdfTeX reads the header with png_read_info (dimensions and resolution are computed by pdfTeX itself, writepng.c) and the pixels at shipout; these sites are on the pixel/gamma path (PDF bytes) or error paths (rc if one traps). Not traced one by one
F2I	libpng	pngrtran.c:463	OPEN	libpng: pixel, gamma and text-chunk arithmetic. pdfTeX reads the header with png_read_info (dimensions and resolution are computed by pdfTeX itself, writepng.c) and the pixels at shipout; these sites are on the pixel/gamma path (PDF bytes) or error paths (rc if one traps). Not traced one by one
F2I	libpng	pngrtran.c:927	OPEN	libpng: pixel, gamma and text-chunk arithmetic. pdfTeX reads the header with png_read_info (dimensions and resolution are computed by pdfTeX itself, writepng.c) and the pixels at shipout; these sites are on the pixel/gamma path (PDF bytes) or error paths (rc if one traps). Not traced one by one
F2I	web2c	mapfile.c:487	DIVERGES	SlantFont * 1000 from a map line (\pdfmapline or a .map file) converted to integer, then abs(slant) > 1000 rejects it; INT_MIN passes that test (abs(INT_MIN) = INT_MIN). See probes slanthuge, slantnan
F2I	web2c	mapfile.c:491	OPEN	ExtendFont * 1000, as SlantFont (mapfile.c:487): same conversion, not probed separately
F2I	web2c	pdftex0.c:19110	SAFE-RANGE	0.2 * an array size < 2^31 (growth increments)
F2I	web2c	pdftex0.c:20230	SAFE-RANGE	pdf_set_rule: (h + 1) / 2.0 of a rule dimension |h| < 2^30
F2I	web2c	pdftex0.c:20255	SAFE-RANGE	pdf_set_rule: (h + 1) / 2.0 of a rule dimension |h| < 2^30
F2I	web2c	pdftex0.c:2525	SAFE-RANGE	0.2 * an array size < 2^31 (growth increments)
F2I	web2c	pdftex0.c:2903	SAFE-RANGE	0.2 * an array size < 2^31 (growth increments)
F2I	web2c	pdftex0.c:2922	SAFE-RANGE	0.2 * an array size < 2^31 (growth increments)
F2I	web2c	pdftex0.c:3523	SAFE-RANGE	get_micro_interval (\pdfelapsedtime): elapsed seconds > 32767 return INT_MAX first, so the value is < 2^31. Clock-dependent anyway (R-CLOCK)
F2I	web2c	pdftex0.c:3525	SAFE-RANGE	get_micro_interval (\pdfelapsedtime): elapsed seconds > 32767 return INT_MAX first, so the value is < 2^31. Clock-dependent anyway (R-CLOCK)
F2I	web2c	texmfmp.c:3499	SAFE-RANGE	makecstring: 0.2 * a buffer size < 2^31
F2I	web2c	utils.c:1496	DIVERGES	do_matrixtransform: DO_ROUND of a NaN or out-of-range coordinate from \pdfsetmatrix; link /Rect [0 0 0 0] on aarch64, [32645.579 ...] on x86_64 (probe matnan; review round 2). OUTPUT-ONLY: the rectangle is written to the PDF and read by nothing in TeX
F2I	web2c	utils.c:1497	DIVERGES	do_matrixtransform: DO_ROUND of a NaN or out-of-range coordinate from \pdfsetmatrix; link /Rect [0 0 0 0] on aarch64, [32645.579 ...] on x86_64 (probe matnan; review round 2). OUTPUT-ONLY: the rectangle is written to the PDF and read by nothing in TeX
F2I	web2c	utils.c:405	DIVERGES	ext_xn_over_d only WARNS "number too big" and converts anyway: a 40000x8 px JPEG with no resolution gets width INT_MAX on aarch64 ("Huge page cannot be shipped out", rc 1) and INT_MIN on x86_64 (\wd = -32768pt, rc 0) (probe imgwide)
F2I	web2c	utils.c:406	DIVERGES	ext_xn_over_d only WARNS "number too big" and converts anyway: a 40000x8 px JPEG with no resolution gets width INT_MAX on aarch64 ("Huge page cannot be shipped out", rc 1) and INT_MIN on x86_64 (\wd = -32768pt, rc 0) (probe imgwide)
F2I	web2c	writefont.c:114	OUTPUT-ONLY	the font descriptor ItalicAngle, from the slant
F2I	web2c	writeimg.c:322	SAFE-RANGE	epdf_rotate (xpdf page rotation, an int multiple of 90 read from /Rotate; the conversion is xpdf-side)
F2I	web2c	writejbig2.c:798	SAFE-RANGE	xres * 0.0254 + 0.5 for an unsigned 32-bit xres: < 1.1e8 (and exhaustively FMA-safe: fma/jbig2_exhaustive.py)
F2I	web2c	writejbig2.c:799	SAFE-RANGE	xres * 0.0254 + 0.5 for an unsigned 32-bit xres: < 1.1e8 (and exhaustively FMA-safe: fma/jbig2_exhaustive.py)
F2I	web2c	writejpg.c:236	DIVERGES	read_APP1_Exif: (int)(xres * res_unit) with xres up to 2^31 and res_unit 2.54: XResolution 2000000000/1 cm gives INT_MAX on aarch64 (warning, rc 0) and INT_MIN on x86_64 ("invalid image dimensions", rc 1) (probe jpgconv; review round 2)
F2I	web2c	writejpg.c:237	DIVERGES	read_APP1_Exif: (int)(xres * res_unit) with xres up to 2^31 and res_unit 2.54: XResolution 2000000000/1 cm gives INT_MAX on aarch64 (warning, rc 0) and INT_MIN on x86_64 ("invalid image dimensions", rc 1) (probe jpgconv; review round 2)
F2I	web2c	writejpg.c:274	SAFE-RANGE	JFIF density (16-bit) * 2.54 < 2^18
F2I	web2c	writejpg.c:275	SAFE-RANGE	JFIF density (16-bit) * 2.54 < 2^18
F2I	web2c	writet1.c:1427	OPEN	t1_scan_num returns a float parsed from the Type 1 font file (charstring and subr lengths, lenIV, font dimensions); a font file shipped with the document can make it out of range. Lengths steer the font parser (errors reach rc); dimensions reach the PDF only. No probe built
F2I	web2c	writet1.c:1643	OPEN	t1_scan_num returns a float parsed from the Type 1 font file (charstring and subr lengths, lenIV, font dimensions); a font file shipped with the document can make it out of range. Lengths steer the font parser (errors reach rc); dimensions reach the PDF only. No probe built
F2I	web2c	writet1.c:436	OPEN	t1_scan_num returns a float parsed from the Type 1 font file (charstring and subr lengths, lenIV, font dimensions); a font file shipped with the document can make it out of range. Lengths steer the font parser (errors reach rc); dimensions reach the PDF only. No probe built
F2I	web2c	writet1.c:681	OPEN	t1_scan_num returns a float parsed from the Type 1 font file (charstring and subr lengths, lenIV, font dimensions); a font file shipped with the document can make it out of range. Lengths steer the font parser (errors reach rc); dimensions reach the PDF only. No probe built
F2I	web2c	writet1.c:728	OPEN	t1_scan_num returns a float parsed from the Type 1 font file (charstring and subr lengths, lenIV, font dimensions); a font file shipped with the document can make it out of range. Lengths steer the font parser (errors reach rc); dimensions reach the PDF only. No probe built
F2I	web2c	writet1.c:734	OPEN	t1_scan_num returns a float parsed from the Type 1 font file (charstring and subr lengths, lenIV, font dimensions); a font file shipped with the document can make it out of range. Lengths steer the font parser (errors reach rc); dimensions reach the PDF only. No probe built
F2I	web2c	writet1.c:744	OPEN	t1_scan_num returns a float parsed from the Type 1 font file (charstring and subr lengths, lenIV, font dimensions); a font file shipped with the document can make it out of range. Lengths steer the font parser (errors reach rc); dimensions reach the PDF only. No probe built
F2I	web2c	writet1.c:970	OPEN	t1_scan_num returns a float parsed from the Type 1 font file (charstring and subr lengths, lenIV, font dimensions); a font file shipped with the document can make it out of range. Lengths steer the font parser (errors reach rc); dimensions reach the PDF only. No probe built
F2I	web2c	writet3.c:137	OUTPUT-ONLY	Type 3 (PK) font: glyph widths and bounding boxes written to the PDF
F2I	web2c	writet3.c:169	OUTPUT-ONLY	Type 3 (PK) font: glyph widths and bounding boxes written to the PDF
F2I	web2c	writet3.c:170	OUTPUT-ONLY	Type 3 (PK) font: glyph widths and bounding boxes written to the PDF
F2I	web2c	writet3.c:225	OUTPUT-ONLY	Type 3 (PK) font: glyph widths and bounding boxes written to the PDF
F2I	web2c	writet3.c:375	OUTPUT-ONLY	Type 3 (PK) font: glyph widths and bounding boxes written to the PDF
F2I	web2c	writet3.c:379	OUTPUT-ONLY	Type 3 (PK) font: glyph widths and bounding boxes written to the PDF
F2I	web2c	writettf.c:484	OUTPUT-ONLY	TrueType ItalicAngle into the font descriptor
F2I	web2c	zround.c:37	SAFE-RANGE	TeX's round(): r > INT_MAX and r < -INT_MAX are clamped; only NaN reaches the conversion out of range. Every TeX-program argument is a sum of products of finite doubles of magnitude < 2^62 (glue ratios are int/int with a nonzero divisor), so never NaN. C callers: bp2int of an included PDF's box (a NaN width makes both architectures refuse the image: probe pdfboxnan, rc 1 on both)
F2I	web2c	zround.c:39	SAFE-RANGE	TeX's round(): r > INT_MAX and r < -INT_MAX are clamped; only NaN reaches the conversion out of range. Every TeX-program argument is a sum of products of finite doubles of magnitude < 2^62 (glue ratios are int/int with a nonzero divisor), so never NaN. C callers: bp2int of an included PDF's box (a NaN width makes both architectures refuse the image: probe pdfboxnan, rc 1 on both)
F2I	xpdf	_Z17drawPDF417BarcodeddddiP7GStringS0_	OPEN	xpdf (C++, no line table): pdfTeX uses it to parse and copy included PDFs. A trap in parsing reaches rc; values reach TeX state only through the page box, rotation and page count (bp2int clamps the box, see zround.c). Not traced one by one
F2I	xpdf	_ZL10copyObjectP6Object	OPEN	xpdf (C++, no line table): pdfTeX uses it to parse and copy included PDFs. A trap in parsing reaches rc; values reach TeX state only through the page box, rotation and page count (bp2int clamps the box, see zround.c). Not traced one by one
F2I	xpdf	_ZN10FoFiType1C13cvtGlyphWidthEiP7GStringP17Type1CPrivateDict	OPEN	xpdf (C++, no line table): pdfTeX uses it to parse and copy included PDFs. A trap in parsing reaches rc; values reach TeX state only through the page box, rotation and page count (bp2int clamps the box, see zround.c). Not traced one by one
F2I	xpdf	_ZN10FoFiType1C16getDeltaIntArrayEPii	OPEN	xpdf (C++, no line table): pdfTeX uses it to parse and copy included PDFs. A trap in parsing reaches rc; values reach TeX state only through the page box, rotation and page count (bp2int clamps the box, see zround.c). Not traced one by one
F2I	xpdf	_ZN10FoFiType1C17convertToOpenTypeEPFvPvPKciES0_iPtPhi	OPEN	xpdf (C++, no line table): pdfTeX uses it to parse and copy included PDFs. A trap in parsing reaches rc; values reach TeX state only through the page box, rotation and page count (bp2int clamps the box, see zround.c). Not traced one by one
F2I	xpdf	_ZN10FoFiType1C6cvtNumE8Type1COpP7GString	OPEN	xpdf (C++, no line table): pdfTeX uses it to parse and copy included PDFs. A trap in parsing reaches rc; values reach TeX state only through the page box, rotation and page count (bp2int clamps the box, see zround.c). Not traced one by one
F2I	xpdf	_ZN10FoFiType1C8cvtGlyphEiiP7GStringP11Type1CIndexP17Type1CPrivateDictii.part.0	OPEN	xpdf (C++, no line table): pdfTeX uses it to parse and copy included PDFs. A trap in parsing reaches rc; values reach TeX state only through the page box, rotation and page count (bp2int clamps the box, see zround.c). Not traced one by one
F2I	xpdf	_ZN10GfxShading4initEP4Dict	OPEN	xpdf (C++, no line table): pdfTeX uses it to parse and copy included PDFs. A trap in parsing reaches rc; values reach TeX state only through the page box, rotation and page count (bp2int clamps the box, see zround.c). Not traced one by one
F2I	xpdf	_ZN13AcroFormField11drawListBoxEPP7GStringPiiiS1_P11GfxFontDictidddddS1_	OPEN	xpdf (C++, no line table): pdfTeX uses it to parse and copy included PDFs. A trap in parsing reaches rc; values reach TeX state only through the page box, rotation and page count (bp2int clamps the box, see zround.c). Not traced one by one
F2I	xpdf	_ZN13AcroFormField8drawTextEP7GStringS1_P11GfxFontDictiiiiiiidddddiS1_	OPEN	xpdf (C++, no line table): pdfTeX uses it to parse and copy included PDFs. A trap in parsing reaches rc; values reach TeX state only through the page box, rotation and page count (bp2int clamps the box, see zround.c). Not traced one by one
F2I	xpdf	_ZN15GfxAxialShading8getColorEdP8GfxColor	OPEN	xpdf (C++, no line table): pdfTeX uses it to parse and copy included PDFs. A trap in parsing reaches rc; values reach TeX state only through the page box, rotation and page count (bp2int clamps the box, see zround.c). Not traced one by one
F2I	xpdf	_ZN15SampledFunction9transformEPdS0_	OPEN	xpdf (C++, no line table): pdfTeX uses it to parse and copy included PDFs. A trap in parsing reaches rc; values reach TeX state only through the page box, rotation and page count (bp2int clamps the box, see zround.c). Not traced one by one
F2I	xpdf	_ZN16GfxImageColorMapC1EiP6ObjectP13GfxColorSpacei	OPEN	xpdf (C++, no line table): pdfTeX uses it to parse and copy included PDFs. A trap in parsing reaches rc; values reach TeX state only through the page box, rotation and page count (bp2int clamps the box, see zround.c). Not traced one by one
F2I	xpdf	_ZN16GfxLabColorSpace15getDefaultColorEP8GfxColor	OPEN	xpdf (C++, no line table): pdfTeX uses it to parse and copy included PDFs. A trap in parsing reaches rc; values reach TeX state only through the page box, rotation and page count (bp2int clamps the box, see zround.c). Not traced one by one
F2I	xpdf	_ZN16GfxLabColorSpace6getRGBEP8GfxColorP6GfxRGB18GfxRenderingIntent	OPEN	xpdf (C++, no line table): pdfTeX uses it to parse and copy included PDFs. A trap in parsing reaches rc; values reach TeX state only through the page box, rotation and page count (bp2int clamps the box, see zround.c). Not traced one by one
F2I	xpdf	_ZN16GfxLabColorSpace7getGrayEP8GfxColorPi18GfxRenderingIntent	OPEN	xpdf (C++, no line table): pdfTeX uses it to parse and copy included PDFs. A trap in parsing reaches rc; values reach TeX state only through the page box, rotation and page count (bp2int clamps the box, see zround.c). Not traced one by one
F2I	xpdf	_ZN16GfxRadialShading8getColorEdP8GfxColor	OPEN	xpdf (C++, no line table): pdfTeX uses it to parse and copy included PDFs. A trap in parsing reaches rc; values reach TeX state only through the page box, rotation and page count (bp2int clamps the box, see zround.c). Not traced one by one
F2I	xpdf	_ZN18GfxFunctionShading8getColorEddP8GfxColor	OPEN	xpdf (C++, no line table): pdfTeX uses it to parse and copy included PDFs. A trap in parsing reaches rc; values reach TeX state only through the page box, rotation and page count (bp2int clamps the box, see zround.c). Not traced one by one
F2I	xpdf	_ZN18PostScriptFunction4execEPdi	OPEN	xpdf (C++, no line table): pdfTeX uses it to parse and copy included PDFs. A trap in parsing reaches rc; values reach TeX state only through the page box, rotation and page count (bp2int clamps the box, see zround.c). Not traced one by one
F2I	xpdf	_ZN19GfxCalRGBColorSpace7getGrayEP8GfxColorPi18GfxRenderingIntent	OPEN	xpdf (C++, no line table): pdfTeX uses it to parse and copy included PDFs. A trap in parsing reaches rc; values reach TeX state only through the page box, rotation and page count (bp2int clamps the box, see zround.c). Not traced one by one
F2I	xpdf	_ZN19GfxPatchMeshShading8getColorEPdP8GfxColor	OPEN	xpdf (C++, no line table): pdfTeX uses it to parse and copy included PDFs. A trap in parsing reaches rc; values reach TeX state only through the page box, rotation and page count (bp2int clamps the box, see zround.c). Not traced one by one
F2I	xpdf	_ZN20GfxDeviceNColorSpace6getRGBEP8GfxColorP6GfxRGB18GfxRenderingIntent	OPEN	xpdf (C++, no line table): pdfTeX uses it to parse and copy included PDFs. A trap in parsing reaches rc; values reach TeX state only through the page box, rotation and page count (bp2int clamps the box, see zround.c). Not traced one by one
F2I	xpdf	_ZN20GfxDeviceNColorSpace7getCMYKEP8GfxColorP7GfxCMYK18GfxRenderingIntent	OPEN	xpdf (C++, no line table): pdfTeX uses it to parse and copy included PDFs. A trap in parsing reaches rc; values reach TeX state only through the page box, rotation and page count (bp2int clamps the box, see zround.c). Not traced one by one
F2I	xpdf	_ZN20GfxDeviceNColorSpace7getGrayEP8GfxColorPi18GfxRenderingIntent	OPEN	xpdf (C++, no line table): pdfTeX uses it to parse and copy included PDFs. A trap in parsing reaches rc; values reach TeX state only through the page box, rotation and page count (bp2int clamps the box, see zround.c). Not traced one by one
F2I	xpdf	_ZN20GfxIndexedColorSpace14mapColorToBaseEP8GfxColorS1_	OPEN	xpdf (C++, no line table): pdfTeX uses it to parse and copy included PDFs. A trap in parsing reaches rc; values reach TeX state only through the page box, rotation and page count (bp2int clamps the box, see zround.c). Not traced one by one
F2I	xpdf	_ZN21GfxICCBasedColorSpace15getDefaultColorEP8GfxColor	OPEN	xpdf (C++, no line table): pdfTeX uses it to parse and copy included PDFs. A trap in parsing reaches rc; values reach TeX state only through the page box, rotation and page count (bp2int clamps the box, see zround.c). Not traced one by one
F2I	xpdf	_ZN22GfxDeviceRGBColorSpace7getGrayEP8GfxColorPi18GfxRenderingIntent	OPEN	xpdf (C++, no line table): pdfTeX uses it to parse and copy included PDFs. A trap in parsing reaches rc; values reach TeX state only through the page box, rotation and page count (bp2int clamps the box, see zround.c). Not traced one by one
F2I	xpdf	_ZN23GfxDeviceCMYKColorSpace6getRGBEP8GfxColorP6GfxRGB18GfxRenderingIntent	OPEN	xpdf (C++, no line table): pdfTeX uses it to parse and copy included PDFs. A trap in parsing reaches rc; values reach TeX state only through the page box, rotation and page count (bp2int clamps the box, see zround.c). Not traced one by one
F2I	xpdf	_ZN23GfxDeviceCMYKColorSpace7getGrayEP8GfxColorPi18GfxRenderingIntent	OPEN	xpdf (C++, no line table): pdfTeX uses it to parse and copy included PDFs. A trap in parsing reaches rc; values reach TeX state only through the page box, rotation and page count (bp2int clamps the box, see zround.c). Not traced one by one
F2I	xpdf	_ZN23GfxSeparationColorSpace6getRGBEP8GfxColorP6GfxRGB18GfxRenderingIntent	OPEN	xpdf (C++, no line table): pdfTeX uses it to parse and copy included PDFs. A trap in parsing reaches rc; values reach TeX state only through the page box, rotation and page count (bp2int clamps the box, see zround.c). Not traced one by one
F2I	xpdf	_ZN23GfxSeparationColorSpace7getCMYKEP8GfxColorP7GfxCMYK18GfxRenderingIntent	OPEN	xpdf (C++, no line table): pdfTeX uses it to parse and copy included PDFs. A trap in parsing reaches rc; values reach TeX state only through the page box, rotation and page count (bp2int clamps the box, see zround.c). Not traced one by one
F2I	xpdf	_ZN23GfxSeparationColorSpace7getGrayEP8GfxColorPi18GfxRenderingIntent	OPEN	xpdf (C++, no line table): pdfTeX uses it to parse and copy included PDFs. A trap in parsing reaches rc; values reach TeX state only through the page box, rotation and page count (bp2int clamps the box, see zround.c). Not traced one by one
F2I	xpdf	_ZN25GfxGouraudTriangleShading8getColorEPdP8GfxColor	OPEN	xpdf (C++, no line table): pdfTeX uses it to parse and copy included PDFs. A trap in parsing reaches rc; values reach TeX state only through the page box, rotation and page count (bp2int clamps the box, see zround.c). Not traced one by one
F2I	xpdf	_ZN3Gfx13opSetFillGrayEP6Objecti	OPEN	xpdf (C++, no line table): pdfTeX uses it to parse and copy included PDFs. A trap in parsing reaches rc; values reach TeX state only through the page box, rotation and page count (bp2int clamps the box, see zround.c). Not traced one by one
F2I	xpdf	_ZN3Gfx14doRadialShFillEP16GfxRadialShading	OPEN	xpdf (C++, no line table): pdfTeX uses it to parse and copy included PDFs. A trap in parsing reaches rc; values reach TeX state only through the page box, rotation and page count (bp2int clamps the box, see zround.c). Not traced one by one
F2I	xpdf	_ZN3Gfx14opSetExtGStateEP6Objecti	OPEN	xpdf (C++, no line table): pdfTeX uses it to parse and copy included PDFs. A trap in parsing reaches rc; values reach TeX state only through the page box, rotation and page count (bp2int clamps the box, see zround.c). Not traced one by one
F2I	xpdf	_ZN3Gfx14opSetFillColorEP6Objecti	OPEN	xpdf (C++, no line table): pdfTeX uses it to parse and copy included PDFs. A trap in parsing reaches rc; values reach TeX state only through the page box, rotation and page count (bp2int clamps the box, see zround.c). Not traced one by one
F2I	xpdf	_ZN3Gfx15opSetFillColorNEP6Objecti	OPEN	xpdf (C++, no line table): pdfTeX uses it to parse and copy included PDFs. A trap in parsing reaches rc; values reach TeX state only through the page box, rotation and page count (bp2int clamps the box, see zround.c). Not traced one by one
F2I	xpdf	_ZN3Gfx15opSetStrokeGrayEP6Objecti	OPEN	xpdf (C++, no line table): pdfTeX uses it to parse and copy included PDFs. A trap in parsing reaches rc; values reach TeX state only through the page box, rotation and page count (bp2int clamps the box, see zround.c). Not traced one by one
F2I	xpdf	_ZN3Gfx16opSetStrokeColorEP6Objecti	OPEN	xpdf (C++, no line table): pdfTeX uses it to parse and copy included PDFs. A trap in parsing reaches rc; values reach TeX state only through the page box, rotation and page count (bp2int clamps the box, see zround.c). Not traced one by one
F2I	xpdf	_ZN3Gfx17opSetFillRGBColorEP6Objecti	OPEN	xpdf (C++, no line table): pdfTeX uses it to parse and copy included PDFs. A trap in parsing reaches rc; values reach TeX state only through the page box, rotation and page count (bp2int clamps the box, see zround.c). Not traced one by one
F2I	xpdf	_ZN3Gfx17opSetStrokeColorNEP6Objecti	OPEN	xpdf (C++, no line table): pdfTeX uses it to parse and copy included PDFs. A trap in parsing reaches rc; values reach TeX state only through the page box, rotation and page count (bp2int clamps the box, see zround.c). Not traced one by one
F2I	xpdf	_ZN3Gfx18opSetFillCMYKColorEP6Objecti	OPEN	xpdf (C++, no line table): pdfTeX uses it to parse and copy included PDFs. A trap in parsing reaches rc; values reach TeX state only through the page box, rotation and page count (bp2int clamps the box, see zround.c). Not traced one by one
F2I	xpdf	_ZN3Gfx19doTilingPatternFillEP16GfxTilingPatterniii	OPEN	xpdf (C++, no line table): pdfTeX uses it to parse and copy included PDFs. A trap in parsing reaches rc; values reach TeX state only through the page box, rotation and page count (bp2int clamps the box, see zround.c). Not traced one by one
F2I	xpdf	_ZN3Gfx19opSetStrokeRGBColorEP6Objecti	OPEN	xpdf (C++, no line table): pdfTeX uses it to parse and copy included PDFs. A trap in parsing reaches rc; values reach TeX state only through the page box, rotation and page count (bp2int clamps the box, see zround.c). Not traced one by one
F2I	xpdf	_ZN3Gfx20opSetStrokeCMYKColorEP6Objecti	OPEN	xpdf (C++, no line table): pdfTeX uses it to parse and copy included PDFs. A trap in parsing reaches rc; values reach TeX state only through the page box, rotation and page count (bp2int clamps the box, see zround.c). Not traced one by one
F2I	xpdf	_ZN3Gfx7doImageEP6ObjectP6Streami	OPEN	xpdf (C++, no line table): pdfTeX uses it to parse and copy included PDFs. A trap in parsing reaches rc; values reach TeX state only through the page box, rotation and page count (bp2int clamps the box, see zround.c). Not traced one by one
F2I	xpdf	_ZN3Gfx8drawFormEP6ObjectP4DictPdS4_iiiiiP8FunctionS1_	OPEN	xpdf (C++, no line table): pdfTeX uses it to parse and copy included PDFs. A trap in parsing reaches rc; values reach TeX state only through the page box, rotation and page count (bp2int clamps the box, see zround.c). Not traced one by one
F2I	xpdf	_ZN3Gfx9drawAnnotEP6ObjectP16AnnotBorderStyledddd	OPEN	xpdf (C++, no line table): pdfTeX uses it to parse and copy included PDFs. A trap in parsing reaches rc; values reach TeX state only through the page box, rotation and page count (bp2int clamps the box, see zround.c). Not traced one by one
F2I	xpdf	_ZN3Gfx9opSetFlatEP6Objecti	OPEN	xpdf (C++, no line table): pdfTeX uses it to parse and copy included PDFs. A trap in parsing reaches rc; values reach TeX state only through the page box, rotation and page count (bp2int clamps the box, see zround.c). Not traced one by one
F2I	xpdf	_ZN5Annot8drawTextEP7GStringS1_idi	OPEN	xpdf (C++, no line table): pdfTeX uses it to parse and copy included PDFs. A trap in parsing reaches rc; values reach TeX state only through the page box, rotation and page count (bp2int clamps the box, see zround.c). Not traced one by one
F2I	xpdf	_ZN7GString12formatDoubleEdPciiiPPKcPi	OPEN	xpdf (C++, no line table): pdfTeX uses it to parse and copy included PDFs. A trap in parsing reaches rc; values reach TeX state only through the page box, rotation and page count (bp2int clamps the box, see zround.c). Not traced one by one
F2I	xpdf	_ZN8Type1COp5toIntEv	OPEN	xpdf (C++, no line table): pdfTeX uses it to parse and copy included PDFs. A trap in parsing reaches rc; values reach TeX state only through the page box, rotation and page count (bp2int clamps the box, see zround.c). Not traced one by one
F2I	xpdf	_ZN9JPXStream16inverseTransformEP11JPXTileComp	OPEN	xpdf (C++, no line table): pdfTeX uses it to parse and copy included PDFs. A trap in parsing reaches rc; values reach TeX state only through the page box, rotation and page count (bp2int clamps the box, see zround.c). Not traced one by one
F2I	xpdf	_ZN9JPXStream18inverseTransform1DEP11JPXTileCompPijj.part.0	OPEN	xpdf (C++, no line table): pdfTeX uses it to parse and copy included PDFs. A trap in parsing reaches rc; values reach TeX state only through the page box, rotation and page count (bp2int clamps the box, see zround.c). Not traced one by one
F2I	xpdf	_ZN9JPXStream21inverseMultiCompAndDCEP7JPXTile	OPEN	xpdf (C++, no line table): pdfTeX uses it to parse and copy included PDFs. A trap in parsing reaches rc; values reach TeX state only through the page box, rotation and page count (bp2int clamps the box, see zround.c). Not traced one by one
F2I	xpdf	_ZN9JPXStream21inverseTransformLevelEP11JPXTileCompjP11JPXResLevel	OPEN	xpdf (C++, no line table): pdfTeX uses it to parse and copy included PDFs. A trap in parsing reaches rc; values reach TeX state only through the page box, rotation and page count (bp2int clamps the box, see zround.c). Not traced one by one
